-- Adminer 4.2.5 MySQL dump

SET NAMES utf8;
SET time_zone = '+00:00';
SET foreign_key_checks = 0;
SET sql_mode = 'NO_AUTO_VALUE_ON_ZERO';

CREATE DATABASE `tcgo` /*!40100 DEFAULT CHARACTER SET latin1 */;
USE `tcgo`;

DROP TABLE IF EXISTS `card`;
CREATE TABLE `card` (
  `id` int(11) NOT NULL AUTO_INCREMENT,
  `name` varchar(15) NOT NULL,
  `type` varchar(10) NOT NULL,
  `hp` int(11) NOT NULL,
  `image` mediumblob NOT NULL,
  `stage` int(11) NOT NULL,
  `element` varchar(25) NOT NULL,
  `rarity` varchar(7) NOT NULL,
  PRIMARY KEY (`id`)
) ENGINE=InnoDB DEFAULT CHARSET=latin1;

INSERT INTO `card` (`id`, `name`, `type`, `hp`, `image`, `stage`, `element`, `rarity`) VALUES
(1,	'Alakazam',	'Pokemon',	80,	'\0JFIF\0XX\0\0\0C\0	\Z!\Z\"$\"$\0C\0\0d\0\"\0\0\0\0\0\0\0\0\0\0\0\0	\n\0\0\0\0}\0!1AQa\"q2#BR$3br	\n\Z%&\'()*456789:CDEFGHIJSTUVWXYZcdefghijstuvwxyz\0\0\0\0\0\0\0\0	\n\0\0\0w\0!1AQaq\"2B	#3Rbr\n$4%\Z&\'()*56789:CDEFGHIJSTUVWXYZcdefghijstuvwxyz\0\0\0?\0mu2I7t.>T@L8 |[5ɄD \\d>Ӛ׎#m-lmm0nDoNGyxl:&>֊w\0=N\Z~Oœ^E*%k.|3\\Zj7x?P*$S	F#ImM}-$0}O6MԻ>Kd6>Xjץ_~{\0jXv&|ocOJ|=q~lEXxo\rxwi>-=\0p~jRGsZT%Ns[ﴩ)Zl!*2B;\Z\\|񯪾)x+M=m(ăGQ_2:,v-zzf8LMwV[~\'MJ.tt*Ȫ[˥a9MFuMZ9[m8sR[[Cڗp[jv,$z׳Z8Cyԡ:{BDI/y\0iŮ2dRd3z?=W|m8Is)++/<5R(Uz/ד^caPaiDZ\0G%ｵ<W8yuFdӸ.Fl\\wڣf|֮ٛk:7M{#O#fc>݀\rIr-V`#h=\nXU[},gbT*V֭foY֫>cJ\0Ժ\nJ\\`\'jY\0=d5\'kCͥ^|5]B\\Լk@M̬w\0ڳC2\nz$?8$Z\Z\"Dv¤ok\'8n:2ۣ$sӣ)\\6XaOq:8ԂR}kO)ȩ{h[K.VA\r/DI\'o*+ԦRpp+DS0֦is-CÚ|IEv\0O 	2Ic\0RsUFTTzɭo\n\Zht6[ߑcysY1+)迂^&h}ޞ\"OW1Z?(2#?uT߅Gu{ԑXn+p\'j\"ڨcz{k<޵h`t}ʅ>X+]mM/\ZRj3<h,ÌTt\ZL7ˮm%_qȯBu%sP95kݸHTS 1cb+56ILn:w<>bc2#j q_,x^5-Vyndt21Pr=^Y)!I\"69V+u\\/\"k8B\\}jtec1f%7\r-p{*Mu-oV71̇=c\0\\ueM\'>=jqpFkZr)&+\'BTkܷdͪNtc21@v<c94Ky$cUqsqy-̙rI\0Q*ktdDo_Ƞ)8/4P	rIrII$zcRDx+2Fz<9w;H<cI9v\0\r]KH\"wf\n3ޯxÚq\Z\\\Z32*384R%CUiӜa)lpsn%	+ʹUBL[u%[vJ\"k+G4nAByzý~êE~5䱼6؊FO:וMse\\3WxI9t6 ZT4q߈QfW\Zu9_݃}}6c{<׈ώӵ6Io.+]סv|ͩ^hZVwEmq1n gp^O4@sՔpv0zwo(Ԟ-MƝD-auݼIF\0aF\0oW۫أ=Ġm\"WD3xʻĭ	?7_f\0\' mll+Y#i3wVnw;Bx\\;U5\nDwGw|3ki.[t.%{WIτeUNqASz~b|Yvrj-6X^Y@=MUԼ=	l[P̉\0uoS}iԞ~n5ZԪ\'q}K\'ڡe<l1\"L\n޲]dKIԫ`pjMX&(f3Wj-oTb}\0CaFO=:u 2ynFr9ej{	#}?2$)nGT#fG\')*\Z+jieC6\0\n΂@x\\%F59\'E-m /\'ޭ뺎%ʥB\0Yb3*]b#T	NIƟ$Um23MGfX;ҵ,{XX~5g+QwW.#Iϭ7R=5AN2icif~f~xaoh_[[VUӭV<\0Ȯ{g^5vo8y^@I\0+^ú~dDuW+, _9pNWP$ucx:H.Q{s!: ^<{`oݷc}8㰵<ü[	\0^	oMmkgʄOk	vd\\ldIa[\\Wq<Ue~\0}ա%A6\r.Doepy~~37[Z\\AFzgךMCku۷ 373=:t+{\rFMrOiNlbgnp5*Tխ%[#hWn4a:xjY^\rl#p>oeϟj7$\'cM{t?:RZ͵eC	P{>S\"³hv)\0Yra_iaq*4޵aVUa~íj/#ILkx ;ƹe%fQ!_Pxz~\rXYբ9?1*NH&vF&7#Pku^rR\0[\r\nKTf\"?OZP}Lfyp\r8UKX9HO%2(1Bdc6(?p*ED=+p\\-+\r/m8M!ѓ2\rx0>A*G	nsW{~?5n@DRG\"\'j6v\"	9QۓRY]:68\0wK5{5I>y uMKG F7m\0ߎv:\n~\0IYi2U#?x\0<wk7,Mnq\"Ƚ5\nMBŭo?l7˸2lxg:9=Zߵ|Z*g,fԢn,nD\"~\\h5|H>\Z[[[X	Tv\0zwI|iɐ#\0:/[ ݬ*l:rz_6:,I=1	ucȎCH:+099w?|:~PrR[Y!O_Q^xۦ#uV8iM$o9p:p+p=dONyh}\'>-C\"]rx`].aRQnjfPn\'ɾI17o|bڅƧu*,Jdt~FD,g-NN\':~\'|C>{Sڡ7`ekZ%eݔk2YbDb ʰ|]&uI4)5aeF5{Z\'jxg5E*ʮU{B*D9Sbm&U[uUW#qso~SUpݸ\\(RebI!YsI!p@Ҭ+2(+xS8F̔а!E]X7^	\rS)(^*Kc\n^ZVsbܵڕ\0\nArO8Q߄|AZVG1as6	U;OxTh%}цWpqרx \"h剑UI\0,\0\\YQTK]hF:ng\Z.->FqGde\'k;c	8/ŦH6]̥V1IHk_ů2xrTɘlZIc,Np7@2rr^%m-M9-\0c	8FIW*jVsOϦ)J k~\'j&Q\nIyAAھh⫂FvD$B=~5|_Ӭ\"+7o$\rS^g+6ooDbFP\"Qt\0}}|uݽ_ˡU+FEn./C0\0Rz\Z[G+$l֎44\\.Ԏ*B&akW\Zj4[>V\"RNz[=ޏk/Rxɸ?z9q?sh8t+{n$rCC223y?QG\"ʐfʃ}N\n|]?\n#h.廖Ho8NG3_-,\\16ޮϪV)N69k^KT~ZYǃ]\r-o;XmP~rkͥE\r>fa?3!PyqP@jY&:-Jq*L#2GJy&/;ЖKϢ[ᠽӺI>.xK4xt,n-:AmʯfzA,d,ȣ+#Wncn\Zam\'!$d[p@۰rs_Uaq8HW龭n,EJRt\'$O\'9 \"oe@ssU~*$[\0\"GiiP03\nS}3GEerC{Er妞f>GZ(&\"\\g*P_**>fI>q#d5?Ҋ+9ԟ.N+oc ͔\"ry<uЬV$ah_)E.Wm\03?Pl:A9[>եh4ʧ6Oj(VGY^Lɭ\"\n5^kt,rZ+=Nإdnjk)%?!2H<dgYu䕚BYMW<эPHT:dߩhVP0\\I6|֊+|˚B/fdllMb^R[sE&ݏ2QJC5k\Z!_,12	ޗD&`(U\'%sisE',	2,	'psychic',	'Rare'),
(2,	'Magikarp',	'Pokemon',	30,	'\0JFIF\0XX\0\0\0C\0	\Z!\Z\"$\"$\0C\0\0d\0\"\0\0\0\0\0\0\0\0\0\0\0\0	\n\0\0\0\0}\0!1AQa\"q2#BR$3br	\n\Z%&\'()*456789:CDEFGHIJSTUVWXYZcdefghijstuvwxyz\0\0\0\0\0\0\0\0	\n\0\0\0w\0!1AQaq\"2B	#3Rbr\n$4%\Z&\'()*56789:CDEFGHIJSTUVWXYZcdefghijstuvwxyz\0\0\0?\0}ŗV6v\ZMU,y0g.7\ZkoU@<\n崳,S*nެ@\\s]v}c\\Ǝ>kT珽lJM>ΓCB;jlx+3ߖon\ZR|m!}>^gx6$\0EkbԷ&m-OD.@mUqho\nVlxzI\0N{o`3!mWGq$(\0|ŏ>(ՎynXԂ{ZK4%Mkkf7<	>\0?k8ŽBZxbi>\Zq+S^cj/i6\"O7ھ`ʗvl[ؗm#,w3\'\0 CT\\gV[eIw(\'.-Kѭid\'hݿ]mǊ|<^TΟh7UHφ`\"xl9vhaw/X5Kn]&Pמ|p$z<y?K\Z3F\";v]ߘ7-9eu x:I#={9KG>rT7+i5[W\0K3BE}QśkH%*Ċ]S:\Z待yCN.@SVW(\"݇*rZǗoL\no|TĬxϴ&7eبC洼`QG%{X6㓆EW<ic$|5\0vWl	1<dk6LF6ёExR=4EDtVluޱ|5iҴA GO9&2OC?\r|\'sͫQ;=7Jwtu><cfg\'~k^4tdyhx̚@=Z~&8o8^%mjCM/gspnAH4qnwğ14\0Ooym*=B?Lt\rf\r&v#R[!8`s[MN;[8H|?6,	}H9<\0ebR7۸60~Ӽ[-֟C*%_AG11ڹ\r!pRy7`_s86[9燏.iRiL55&<TX>![u^0+~[IΆ^ó8{)bӓJ1G=Mlءvnwށ̸\nvDxߧZzUdqBBqoN%{c\\=ٕݑ[	N䷌3섀3TloUgƺ}gL\r(fa8ǵEg9Dm92<?qVk&BԔGwbF-0\n>P/@V樖X2V=#,1Z½W9qo\0SD&|Nm+YHu-.\"y$f6IapZ)f4,19^\"h<fEg%^fgU85WH2@_7пTserfp3WixGڎ\rцE2.98J	U-\nz&ylrX[͖$P!_C^\"\\kd+\"Z#hs\0Oҹk:k5o?^9).{6~$⻰Q,Fj\r:M=vZqq+|I^<::s:Gyvn]e\'&5(4&=>exy)9^5g S񆥩Z[\\<yX8uboP7kqo<^VoON6\rFxWVUHA\0}Ꞔ<Mt+Ҵ蘆#%YxK\\^8N\Z\\d=+1kҒQJUeԿyvt_iKc6M*>Ƣ%ld:OOu*lD$sE`Aw$0ݡ\0\nzֿu45~R7~jˌ=TPj-(mۨ95\n*5;{b_|չ?JZ>ZitE,h9\'<}Q:<n?ι;RͤӼ1gq^ʙX{g^ΖV(~ret# FC-HVu-(}pbV<qn_ƝkZ4yx7q#(NjӦhy\0d\r	vuc*Λ!\0^t)l3Ddu5Y{\rD]JsP^xX\\K;e6G~ʹlsڂd,{l14ҩ4mॐMA/8Qc`g|7Rjx1[[\'l9ɥik C9ǵtX?Ṽp^ճjA\0bjŚܝRQpx-^?9FվDa]ɮj2PjvM`yH\n~S{UU6Ep`(p?N+=mj8_r)I0$r1oMoȚV)Q#~7c1qpӨv<S,D9ۯi%a1[)Y\Z<9r18>fofG+nĹ[`E{&W:t\0#}ݧO{Tf@\"IaA3zgcT|F0\"f1oe\\ i>0=GU	[/܀x\0dbV[XViV O穦Wv`ҙLn_>+!*ɾm_ϸbcJ)FEltW3k\Z\0J$I#R:1Ϡۭ+É6hq`hk$|y2rH[5弰6l)wG@=W\'.Q^{τѬrhr/f{[ơ1<{q\0\r_HE6:3*\0\Zi\nC\\H\\\" pO<u,ǵ|(:^z4ჂVzRb\0 \\޷R0<*E?ZӼ_fZ6y\n<rM_ǆugy\0#O=x6we{|7\Z\"\rp\'X[`\nxHVuHIoX`d^KF*)=Cr3s[ƝjgsC~U\rtcn3ƹ8=Wͺ=U}?Qx☉M޻\0ႎ	5Qxqރ0#5ZU%\rw])haQxTc#\0~5wyeqEV9f5\'5RJdFϖ\0^\\.G%%Y6ep0zGڹhrU}M)J	HIk=jG&]\"H۴yے};7]:]>RxxoV-ē^Alہx\n=GėXhڝܳ?Kom\Z\0gwwٟc*祵\0534n}H⴬>Y@\\՟Auo:uOL&?[Op#ݲy}E\ZgB[9$g1F:3SI7m/d^%}Z5B[\\;kK\r~^|lB׌dݛ+EgF}Daes,N ӡct;FS\\ukr1㈍Oəb+T4xKD)48kZռ=c@K<Lޭ\nƬgt5ZNO.Hmga\0lY&Ovpa3>w]$ڷ/h\Zw\\ڀĮOj\'kX)ZLXLʓ>f峱y}w\Z\\jOxxk`SMCg}TW=2_ikmm(W{;v10|Ao.Ӽ)us?S9YjRӴV0!H5#G\0=t[+(D\'sk.p8UG,T>c\05Z_MNOb.5\ZOuHs2۽eEcN}{Oʽ~\'PFɁ\r8=G\rFl#VWl9޼XxNJC#\"6}B\"6?M-d\\1EQ_\'i犌zG@564ˮtO&Eh\0h}nt[yǴ~ı#rGQx^hMSQF=NGY.\ZXdzX<KcrF}Qt>aoR6 cX15\0dze~UyBn2ҪKk\Z\\|[RAr@e+VEyhEϙ;.m#80͊MA`\rv05>%>UwmHۊ~=!<f	\0|Mxq˫T8ܓOZ?iIGˤ^5@lnxثvz\n|	]<\Z2ʛK|}GF_[ha{],ՏҬL-#1O\nITG-BMMt{u<tRns=;O{ogF=sXWZoLq(VU\\6z]֗ōt܅eVU 9Ƕ:!7:\r]2x#=׹UZ4zꙐ4Vak#BO${սKVFt{5ΐ8_qɹN\0=m<z@A,*%EQ=Zꩁ_-OG~Y\0pcdׅxKjVȣw9?5?\\[~%ai!f7[еsʓ4n۶285o;֒;b}4Q^])F6}8ކ|5jH6i!~ոሆSO~Ug}ٛOnd`pVB8X2;OήC\0\Z(aV|CjMtɟ[VvHaf T*/?T.85\"wx&+]\Z\'dd[\0mFrwEDϻh{\"wrΉõlHQEfTgQ@mnBKms\'\"+EI]RW+꺝Ž0=aGmI3?QX?f-%s',	0,	'Water',	'Common'),
(3,	'Poliwrath',	'Pokemon',	90,	'\0JFIF\0XX\0\0\0C\0	\Z!\Z\"$\"$\0C\0\0d\0\"\0\0\0\0\0\0\0\0\0\0\0\0	\n\0\0\0\0}\0!1AQa\"q2#BR$3br	\n\Z%&\'()*456789:CDEFGHIJSTUVWXYZcdefghijstuvwxyz\0\0\0\0\0\0\0\0	\n\0\0\0w\0!1AQaq\"2B	#3Rbr\n$4%\Z&\'()*56789:CDEFGHIJSTUVWXYZcdefghijstuvwxyz\0\0\0?\0:Ci&-JEY,@w\'=uLn4#o^b,A`yIa\\@8~5CM{M>(TH~ie[@sb*Ԥ:ӧdY&xllHPB\0<T\0>+SaY	;	>Qy߰.C8Sc}l0J4irZMw\\ Uh|E7R4,Xs]\"\rG|ЬlaܨA[gz+AF4\0x3oaNv?;~sW.<Zx	]ǨAAW~=n4\re9revĞCd5^,/4o9K74|p=,2~eA4wnoκ\n[kǦ[C\ZKH#,8xv[<^G\"1l.D?.k>?.<<mFQ@`9$A](ԡ	M%h֒<W𖫤^H&X.Ӆ`cWCi)pyHkGdR!vnaж{t\\zא~Zm(5Yn\'pv~@\0^j0<ޕK XֻkN8\'OeXUaVap͓I=p;҂vZ6XIi7U(륈]Xl`g$Txn6?#^_i2<]bhH*ʑĎЧN\0\rG>ZT<fLNO_ǵ]\nM۸zWamnUCڰatWdysmg4WbXjT5Ğru8du>vHÁ(5^u\0(e9hXΌqϭ^sW,W:1Rkt	)wmY{y!au-tã\\0U>|]w].n`N.nF0N3ӭ֌Mٷs8(I٤<kvęV`䟠+? /\'ԙ&#q<0\"pI2|Ŗ\Z~cem]jzJEu\"@,,\04c0ҕk5<f\\9]X>N`+\"ʗ9\nSWֵ+cI\'UQP{{\'<cc^IfD%vR?ׯYLl|97Ov[?$I\'̊lMovVl܉<Zf<r[iO\r	#`	;m^24{ܩߡsVt}3VZ<)3a#5\08ᥣr9RD\r>\\;,YسI8ɯ>񞧨xYQt#_;\'>^mZFm<.D2E3f\0=ѴSjAw,vK2,EXs޴G$xҞ)ojV`<=O:ͅ\\ڹ\\v3_W\'6cK~a\"a#doVÉnJJJ	)jѥ[S6Y!Rr\ZʞZI.^lfԙlʮU?OP{:RT\0Mn]Mo\0ÓZfTki% uCr:RVP,nARyrSs9%}`NZM2C|^&pv2STZ\'RݎF,m\'l\'<,jWJ1h$Kf#4Orx}\r-P-֪,P\0a۷O|wx;84A؄dؒ@ҾƲ-m!Hp\0W9Ξ\"tqϒto:sT[r92gA+sஈ\Zuˍ[ˊ$@Kg#һW?Xj#y/\"S\\.\0di:\"EmOG	J*3ʲVF9{IY⻫3&+8~Yu)3=^Bj擦xDxot~bHs/fvl>ƭikey\nzhUo\rxuuFI@GCŚ[uԺiht\\D\rT$GBMq4ul 㾎Lo[\nhY\r۶f}[Tӧ,um-@`qYKyPеڇ-P3$U\ZM;UxZ\\\0hҮ$0H\0#*{\ZŷW6|-Wωut\0݄~=OJ48\\jwZ>v8G#^Px4]~+#qȏǰ~?*-?QqhFRxi8\0G?![BqmN^vӶᙗH\'s/4F8=WoMKTJldPer6O2p0E}*+Ǖ#J_\\xG4i>dCb^T$F\"3kw!TnEv=3w+>Uܑ+,rQxcRen3y\'O5ȫpk796<};#BPd*p3xBA#95J(@A\0\nfK|/\\ا)Cw=2gAs8(@^,5m7L{4݅UUx|9}e,Ÿifn=+X:p*S~VAcV3ZF\n\0BZ\r7Y/xf7.=5Wûu)¤\'%Jdu`+OucDl%]\'?*{IksGNc.xL;H\\E$1 +W.Ge}NzuV\rF_i&5Kd\0gƄ\"=NzW}+\\K+\'3|3=\n6:7	zqd8B	JQw]N\'KVZ|g:nj\08o5J[/~_9q9ҵk%ޫqד |1w^\nj\\%\0ϨhE_y=u+5n\0WӭZ\'	hHCݲ|WN:\Z=Mw[|IOzΡRKԒ_c`|FNyWOվ:hOk7n\'5m/{ZKtC\'\rsoUL?|!}U\0c\0,#~qԎ$W\0N+FM7\rͧVb1\0d:4AkWV-=Śȱ&WWDU}srN}k4\nhfjw[9	8GizqAMqڝـCe@5a0M95HcG^=:@O2:gO<q\\B\'zž%_,LZoU䷵=H<`5z׉.VMRT9eلTU5f+x8Fq{SZ3w#N6*qsX:hbm`M	u_9~T4s,):|-NBj{Et){c[::)ʻr9Vmmp_1izcǥsV]N&LT}+i[_sH\Z\\lﱒQ؂6c]{fٴ[|ɻ\'2Ex`dDa:b%3:_6Z<B9&s)%vєƬ7\'q]7\"^i\\[ݤm>B8<9szvg `[>xkDl_- >?\npUQV\nNW:-S:t0tt\nø*~/!.{\0\0U\02klntyrtxv\\cw?\nη(\\НU)߉~|3nTjS?ѓVJx4-+GF~^*Z6f0@*ƛ}# ,U\0P\\uƳh4焭5gTuT|s$$?Znv H$Ml\r6nfᑢ|r28\'=Hga4\0H\ruԧ*]:5)Қ^j^F}=(@\n*̪v&۷l0GCBTT\0r:Ҕy$սv0>mh\ZekQ7G}jo&:)p?Jmvа\nS<=m{#=\'pWBu~9onGucZ~\"lnb2AQ]%-2I}o \'LI(,w{W5iظGt9۴Vnlpc9`G\0>`sҽnFeWL}(35ho~	\nӌiWeSIǕhM}rCnos$Wֵ|#-Kĺ6z4O<w2($_sdnrnL6\\y\05ލg (h&yFT^˗NgWRn1|bHִ70V-c?3~J_cyb0PVG5=mDTJ5Eq\ZREA,g\0\n5wl*㦚V_C{\ZHW$oqw\0I9Hj5Yb\0ʈp	\'\'5Ne:cʬݵzJ\nwܟNYD=ph峜gEǢRO,B#D9}<՝ouko;vn>ctXDOV1@ҼCDؾ {^H`.aRSʟS2SRu~G1z]\"S89}ckv_F\n?ZƕxT˨jV&R\\`/_3|A׮i\0h*6<2#^ܚ[]Nu)7(56\'rjJBd`Ve#.pHkR}!T)mĜF:~4aTuotwbeAJ1n%Fi[s+`rZsr]?Yv0;iTߚVavVMTU%e&=\rto쟳}Q{wIsz\0J(jzRZV-knniL9{V\04rJt?WRW|O8y#v!ko2wRӣCN[=Kʥj/yzۄ-¶xeUK,@+E;ٝJP]N|\0R[x_Oi>inHQPT#m𾒱)7FSpnZu枳3Dn&PEW\\g!%u|=lw{@\'ːF1V4t6ECf\\qhjIhSsM}>WqO \0Om[.nzoEukԷXӅ3\'1Dͱr\0iZ趑0Ҍ<V~vi8C',	2,	'Water',	'Medium'),
(4,	'Seel',	'Pokemon',	60,	'\0JFIF\0XX\0\0\0C\0	\Z!\Z\"$\"$\0C\0\0d\0\"\0\0\0\0\0\0\0\0\0\0\0\0	\n\0\0\0\0}\0!1AQa\"q2#BR$3br	\n\Z%&\'()*456789:CDEFGHIJSTUVWXYZcdefghijstuvwxyz\0\0\0\0\0\0\0\0	\n\0\0\0w\0!1AQaq\"2B	#3Rbr\n$4%\Z&\'()*56789:CDEFGHIJSTUVWXYZcdefghijstuvwxyz\0\0\0?\0Ҳ[-#\"TRݴ\Z.wn11\0r82Bm9\0XǯҭIu;-줯8wB~AUҿs.m.o<6̳O5\\i#Dj30N9`&^G/;Ao\'x\'?[fXDY\'`/vS9_EcLay%c`;3U\r.R֖6W%-\'$!㞄{S\0u@H~	Mf_X/64NqHrkk*E\"3zg T>y|؋$!|p23Wan>;6WZ2Iz\rޒ&KY,ZOy\\@ZT٢#ZGюcgӽqCe$dF~JPUuiΧUӌ779!#4V5;)`G\0zR_msŹBolz[2]_iK[<~j%kFc;U,DKg;b\r+rk#їjh31Ve\0KUuvdVQZrZlɧ^9%c3\Z¾BR\'oS&*NY<JWwPn{uhGcAs¶T#ؗQu+n\"Q]inUH⽏W?^ih!N:8GީQAjP/{-޹f|\0=*֞,Is&sUGR㴷E;N{Y9۵3uǠ\0S\0\n~ eԶ,_\'?;Yꒈwlr>s:H<H8-[sCq@T6l䊩jf#2y*?^dD-ԻkS]s\\At\r`q\'\06c>i7=̑yHG>b^m畔mݾU╶Ep%͵	m19[ۉqvM{RuEMJ9uOb	OMa͒Gs󴍹ܟZ(\"}YV5%(PPȶt\0¹\rJh0\0}2hr5l*=;VPR*4{\ZZ-gnH\ZywEIYy+GTc!5\Z\\_،Ċ~;Lf\rG̑kj\\Ez^A`B3bJ?g{yGԒQi nrhk2mk&Lno^ҳmW*8p7ڣ`3XLLP>eqwZh&ݱG#q/&²ǖKF}3ǬyVVHO~Qq?E9{Vo,Z]bH7SjFф$aYqʊ}Ա,q;֭cv6-vJ a+\"Hye=Gv *Tzu|o(ٷ-EISdY#G\"-Y-㹄20\0<wy`wF>^f$IRI]#3\"3E5$P:0dqdO=51xuk \0;/Rk+rcHڳ-FeV#}SOj692ǅ]գxH{יbeusqg`6AE\\pc!)I{CbП&\"uO_C]MJ75&<H]s΍4R43ueQFxD\\óB$R\0N>bm2++;]4w\08ޢO}ʯ*Hy85zXW 4>O-cݻ}*:n\\\\Dee<{Ѳ`;ՍVUPQGv\rɬ7e$z\"+j=34\r-u*с|91Xw7wBN耩u\rC[7mUoα<d5^9drWhjYĐd<V(v܌W+bE-%\ru8\rbmd[s)U:pPlwf\0c?5]XhM!\"$Y23<Gg>k仛0*qqWxJ5**W5pSLqםx\noI\0m?]M-7W-.ϑ$ryNGP\rvq^uHJ!5%tM2)qJmCK6Cg8r9=qu\0ONR/sMI B6\0d\nԉȏA/e,@9\'yM.^+ĭnN^t4[RݱT4 uǗ!xXB\ZO%ESO(D?x0@ϥsMt6*1哆Y/{\'ژFONzv+&cFremw2nӐbqwav1Vcx5n%_c&v 7Py.o2=0k(%ɷۥiQ⥲I1T]F<\nxsQ+L8ڭqUR)%iNz:T\\e\'oQ[ҎZ8Yq;dZAl%DTƜ0[]HW6i֠RH`A*<ZQn~f	;6n2+\")%l*u}FG(>_+χG\\p_bQb&_݆\\פXAgzc#bߥyv{q\0֠`Y1e?y0CmzH$FFeXr\nW!ֵ|T_ϬIhdtNrHvqv8Gt2(OGzFkMJy8ϙU]2&v\0@$UۼD(P+G-FeQ!-|!]-eX-pGq=}:35^Ov|Mo}U<~:]kľ\rj/ro]8e\\g2z\n>eEY2<k۝xUWN-*Rb͉`\0N:b&Xul/4ksRUK/9lrsަ)nm;[\"5+3\'=UvwZH`b#;gsYw1ۃN[wt[Ko9dsԂ+:Db˟)8j׈\r^DW`)m2e?\\Wۻ5o23}~W5%afHb0y\0u(ң\\(:U\Z,S$C+(=\ZRItD=PuvU\r~Aם5|956&X7<qol#UlȧL`Jj2Kl`6ʴtMj\0A.x-ΛleHB:V8pXbڛos|cNZmce䉠/0q\\~!GºluErI1>$vsiFWu*P0q۞x#kSm[[I{1\ZEX-_3YE6+~:xnr*u=Jnig-[l=`t1-9⹿\ZxNlBC*,W;Xe<HzdיX\'ԢLS$I3.gHl9T7\rw}0gff\'}k\npˮ[\".⨬no!i\ZVT;تf0kύkҲ;f9W8Ey]y$nUzVf\\eJW\ZXOIk#R{Ʒ#\nҪ\\JbQq^CNp+I\0[\n菍EJ\\1ʲx;|&5ѷ?웝dl\nmu8MfXVяLz|AMuq6B9㡓#Z(a \\afK<l	Q;dDszX6R]\0^8V`pAҫAif_J%%EY;iX}k6EF,S=:QE|\Z=BPޝFde8\ZϻRWE-EkTguWw\\cI$ar8VvcؔX3DKVRʻՏUfc(MlY\nJFI늭*py2qM\"ԱWOg;NWE:*M6OW.\'sV5\nVks6/k#OUTpҒ9<z$np\0g4QM?',	0,	'Water',	'Rare'),
(5,	'Imposter Oak',	'Trainer',	0,	'\0JFIF\0XX\0\0\0C\0	\Z!\Z\"$\"$\0C\0\0N\0\"\0\0\0\0\0\0\0\0\0\0\0\0	\n\0\0\0\0}\0!1AQa\"q2#BR$3br	\n\Z%&\'()*456789:CDEFGHIJSTUVWXYZcdefghijstuvwxyz\0\0\0\0\0\0\0\0	\n\0\0\0w\0!1AQaq\"2B	#3Rbr\n$4%\Z&\'()*56789:CDEFGHIJSTUVWXYZcdefghijstuvwxyz\0\0\0?\0fl}y4ENъՖ#&1*0jljcs79gjelFzybY:}\'1ZL{atL@Z@P|5tX]jM*K0Cmbnq9xęfe}pA$jTΪ\\ӴIeqmj.UZDYZ+zY%zz3k-j32Cwb( {;aaJ1ЪH=;EhXe\n\nx?QI}NSɲ,*;r1<G^D5ŝe=z!5Ļ+	kgY\0;抌L|6;pl,<$(Ҵ<*h4-Ωjv;>e@u$㏥3L״^:0Uf.$AY:s[BJ\\\\FU4[K^鐭{xWf`\nTx9NXs;Ô\ZEN[Vy)k6v3![}yݵض8=7Sb9YP{F*Yk\":|cڎ9nOҤnzQX}m淬&w\'3{3\0epN3ոT]8Qq(صOkrQrwDDf棉<HC/~i0X\0/&}gP9;P|}uuYF#8\\.	c&rEȏ\rz\Z,X-\0	N2x=Z4/jZQuum.aY$ *OldsȨ)aV׾D\';\\mSVRW)#A\"!F$Dnt<\0}sY_\rS|Oϝg$h1`\0\nk\r{z}s&uk\\deq*m8凝&z\'|etu[?+\0g?q!>MF4@o*E\'i\'^&w>|xov#wyy`sּŮvn8UJ@;@g勤Sc(N{pS/bݭ$DЭ(\\?j!ܿ}9914 Vr?S#q]7W&-t yUbw6٣̘SNc1*Sc.\r0ɶo-#Fbd\'\"lH	yܐxRt-ޱ./%.*MX[jl=YmFR!0*HnjESKPs \0,T\ZX\0d)nl28$zJzVwh׭s7Kgc^9Ե)<m䵉dA*̗<z9wU%6tB+dN@s+-JA\ZG\ZY7!Y#?G\rՃៈ<q0.h\n?\0CGxj@u{I|ur	AFR6xk\0bpKUnuq0̸MrMoOF;s`NDsDFQ#MG@PkNd(ws؞P\'orBbiJӂ=+KCX̒(schWhU\\DTf~.͸=_\'-gRm&KWx Rq4yGLqJH+Rnq{se7-iqq4:5\'p$|/\0S?yj^$:tQW9Kc	ff߆Ai$wiuLqQJY(Hn>_uҳwN}OB:u10yU\"HΎ5\rTo(sxDяc2_nTXag7\\4Ӂ-| ui!DJvE;R|wv>.89\Zzl鸏Sڭ6^\"`9LmPTxA\"XyaY>1sqH5\Znr]JHjZ\rȡBƼw}{5v2ye2M#;Ԛ`Z&\rPZɶvF<ׅ_YjF`#Fzmʾ/EwbBn#1<\00ke𵟃}8kJ@%TUTֽ\Zvk(Q#)se3Ez@\"i5J)[ST|\04<Y%60`أ>o?CT|c\0ho/n;^(k`@9\'\'W+XIV%bO=ǎ$huB`*\0\n7޾Wή%U4Z4r$}?\'-nNkڞ/mj1ddbB{d}k> G[+HUc|è%\05ȇȯ5Fꝡdm8\"?xSK7q_ t?QڽĎhJ)26~Y{fYgb<ަJ.~cӞ)څ7ةʑg^iʛ\'\'Y;!T+o{<bGn\0ۖ,yI0;\\)P<ȦZٔ^ܴJYwUQ1ڦ6AHL\\0zjS޳\"?#WRCPH8+eATUDf9-zg`LeA,G?u&t`ɠK&@I5݀ѹyq\\sWF6xx?Mm>`>y=OWֽ5:]HtpxwQ²Yb|=S(4躯Kg;~hz&e[%hHH&M#Ԛfd񱁦1@[iE\\.NOMONgu<Ml4-.KɋNvvX[\\R{\"=h|\rCzel.m	6Ng׏, o]Q^;\Zޡ^~gHJN*<YYc\rψ;ĳ#[g.2 \09$(tFXtH8&\r3KԷ\'/4I$5lKKfzy28`I5d/$yΥQr	QP*C0oDhߎ:Q-t;8k	mG1fQלg5z;x*(cVMfO,r9METLb&OYG#HFG\'&KQh',	0,	'Draw',	'Common'),
(6,	'Bill',	'Trainer',	0,	'\0JFIF\0XX\0\0\0C\0	\Z!\Z\"$\"$\0C\0\0N\0\"\0\0\0\0\0\0\0\0\0\0\0\0	\n\0\0\0\0}\0!1AQa\"q2#BR$3br	\n\Z%&\'()*456789:CDEFGHIJSTUVWXYZcdefghijstuvwxyz\0\0\0\0\0\0\0\0	\n\0\0\0w\0!1AQaq\"2B	#3Rbr\n$4%\Z&\'()*56789:CDEFGHIJSTUVWXYZcdefghijstuvwxyz\0\0\0?\05=nmN %[vl\nyjıգ[Yf`-OQo5amc~yϽiwGh?,1R{$Z=4X\Zڬm}EMs=ص\\ˎB=iSVQC#[7Ri3^_ē0@w}#RkVgJz*o\n\0l_3}\"%~8p$r^-JQ>R5) *]]<[~\0B2Bg2X-\0{YKxfGe+\09՝L[fGˉdעAf\Z/\0Uv8}kg^WO\0C̵KUؙ[O{Ӵ6Zqo$[e0qkI쥳D`VEb_p$A^cU~zCLDHʞF2O\0JK桘ӯ\'>F+iQy]N/F9RH-}iI[pv*45-psSOfR[@4ꬬ>AW*zǲ{6g\n^,/aUC­=>ː楳頴SC eOWE.7\0|94\npNV⨊9d͙֕[saoAHC|˛$5jr[=+XDCw6)1ݒsYNM;\0_pRvLxVh9֭$&X()im!\r\07S^k_k.}tWMv]kPLW	~o-WWXcE_j5Y/jks9f@~lZ:mk{j0WҢS\nRbKUs-֍[mRˇɋӬ5[-=0ǗsZʉfbIuo,\rYECf+Ctۻx4R}HC3!~~ԯ,jhp`CcyW6%/9a֨SRGQAX39TSiw\0_#|%x2+R8lǕ.eRUǶ1^A/쭼zngT$`,)w\0q}rNӴ+|_ν\04FwmxJ>\\sU#Kj40Rf{AqB*I\0#k|x\\-.P9>ݫ>(0Լ#se.I5[۷Ńp1\rp0jbXXg\0z9uR8)(`3X^M}IIHSlI$AǥuYZD>4o1JZzW6l\n0\0$WxcT[%ߥ+ְS-no ?*Rȍw략wC.6cמoN{Sq,ˌUMGRMEfV<ۺ0(OwFtFI7\\LyH֩-KI/5fAPo?ZovnĺɹV;U(cխV2</l})sy~f5ڞ;<niPjl8\Z81ZO\\#禎m9S[4jV`v\0R?)Uc\Zɯ}Hۈc;s]wP\Zۣ4\"2`sqj=Oy1W-,DaIyLԢIf$y0lg=U\ZSRyFUڝ	kZio$f(N2+;JִU\n}OojdYpQYqƱ6p\\׳$78iđl}EW/Ym.o\"-Z|Kqsǉc 8M1ҥssEf8};+K̊F0Gr}_DwE%5=k$^7]8)6NKqזizl\\BVPx\"oxH>\0W[gVRJĀT$k]?F|o]==2Wx6P\\?ƿ	Z>5BZ҆)~`8].kئ\rjt<fi~^x#+<so^9<K *-9\', ^/S~\"iGF/=A#^xOI)XG0:W|;Ƨe◾ͼ䝄s^m^횁iB;W&#.UVΥM[/ne8VWr/ӃWݵ(\\QDqvռVkϸOfmQqgR3W;$I(\0_qئ8e=2yk\ZmO*sP\\۪5ޢbx\0TlgX~TFIXNN.KRީ4I1d12\\ӟo֛yZj0x\Z]gUmK\\gդZ~U_j/u&%L=z֟O^2Z^F~P2o\\ry߭9G^<̱uxt5/}RCGl9^tP-dqvW%ZTSnAzQ\\4H.#^}iRnm&eJN1ҢY-Er9\r+J[llI5V;ӊ]eÿجeO,k<Ђ[|5V\"\nF_5ivgs$iF~+Avڣ,[Դbco|фҴU%%tcY=8).򝑡n8\'=CR햏$7Esru(3!1	\0:WV-:v8\rG^_?^\'QdrO9y澟+ˢ2ծ\Z-\"zO~m]7LC\'b\0OZx2(tSZ4i{e\nb/$v/znn،wqGSw^Լ)D)uamw#;$$9*Rծyx׍\'7]f=8DKDŽČ@<rIixzIy<\\Gjj.=[61A;^Ĭ*uzs^cUV6SA7|^6>4E-Z7uz6iDhO~z7k{+\ZJlb[@rȃRkqһ]\\`cv;dz14wjas_A$Ep܈W>@\0hޒvp1>!vG;#ۜ`*:Dl$/uϦ+\'5-\Z=YSg~7P<k1@mW/($\04_-N6D҈栕ɴq!c\Zww=#4rfq|G=Ix(arJ<VtRy..oˌ1ʘyNsBTwEZG C}OawvKɛ;yH4=I4\"1<tsV-nz9\'{%BP-փ?]\ni=v7yLIecgb*ںmOލ\"EEsL]>=]kqJ.]X۽\0ҭ/5t=K]K\Zi\'Gk	Mǌu1\\K)uNO|8 IJX	^S[ZtrZ.HF9aqhKt҄%{\'<8<i(MLp\'C\'m/sc+6Ԃ>\0-=:t<*o~#oKӐР\n$Ԟdx/Wɯj7\ZY&#P*1ׁJ1oRl6*Dm10M#;~l\0㿟|E5Ep\\uh-٢]t_auJ,auXo${SuNAv-g1ĠaTd\n).yӚqz~b$[0#oņy=mwG\\wI߽ıE$3B;8^n|.X^kʞV>U %rrof)n^9fjkql]=̑W?Zm~n%-mc_ֲl]J\ZGcn\nᡤҚwd[(Z)8NRIukQW揫`8+od\0ׇt֥4Cga8OIC',	0,	'Draw',	'Medium'),
(7,	'Double Colorles',	'Energy',	2,	'\0JFIF\0XX\0\0\0C\0	\Z!\Z\"$\"$\0C\0\0l\0\"\0\0\0\0\0\0\0\0\0\0\0\0	\n\0\0\0\0}\0!1AQa\"q2#BR$3br	\n\Z%&\'()*456789:CDEFGHIJSTUVWXYZcdefghijstuvwxyz\0\0\0\0\0\0\0\0	\n\0\0\0w\0!1AQaq\"2B	#3Rbr\n$4%\Z&\'()*56789:CDEFGHIJSTUVWXYZcdefghijstuvwxyz\0\0\0?\0Ҹ۠75P\Zk.kt{uDM\\w2>VP9=tZz\0>GkvjnKZiBkR%nחg6UW9_-41OlF?<\0J|W_c\ZlĹ_ҽ+X½C*mo/Nu4 5xf\\sr3ppy5pJ\'ĩL+.\0L#kq\\5U3ߥQ[5\\\Z3ߊ~wE颹achOB;i2Ú,b rGҺ)וNjgH`N[W%|Z7c#IeyrJVk1X]JpSqܱ۸0P\n\\֢7z\Zs׭gjJ\0k2|U\nIjr,o`oq\\^Glo*ǽuAhg7_Ϫ,̀\0QVǎM8Q~OkZmE!h#Uʀۥ]񳾣\nU\'=)]еxlIWSFjE4g+Wh`ղz<l#\\\0S<\0z\0t\0ni}<c+|CiXҹ\0A9kgh<WlvyQEm\"LvO\r-䓌鵀{PhJN&Չ\\3;O>٥y.N;P	RFP@cMRLQH:D>y4ևA!U\'<VutY,{T5v+؝f8\\=1RXiͺL[\Z2\\KR#yϰj6%ȥ\0:6uϠ[<]KpBċgW=tG@n{ Xq?ZeMa$c\"-rS5*T.8x+wⱻ|	F5<г<d-Mض0qsPҬ52}Am購uۈ$\0Y*}\r]o?ˉXcz.|v\0W^t0iûr2@jG9檶iش9)zrqHkPO\0\n@XU9OpzHgG4\ri*8nxn\"%W=cp=Ӽ`D\0Ԗ΋MEկF!d/wn>5Z>Y\n>/e¦Zhp#A,F~CכV\0~ȣttӸ>w!+{6WO,[Iq34.O@5w\0hut;YsZ\0h?]UևiַW4@HrH4/R1q.#׼ɢ\01doʾ]xoĶ:I;uSG}[~~BϱO¢IX&CD[?q>\'\Z=gvS+,m-w}%r\nʣjIxHq^7[gc _EOb&\0n\Zoq\"EEu62A<ջdI=AhiTyH\r9$e8:ri7*D\'χ!\ruM{WU3G@o3^IueK3kğOxʨi3mJl֞4Ѹ1}\\K6q0)\r_O4Xp$?Z\\|5h?4	VQV?5N쵱b.}KHԭln.&H2p?SYq0qV$d\'d208*A\"`?@x.^OC]̏:]yW|\0gm\Z-3R!D\'hQk+L*}LGOHx\03c\"⼧>58F-ǶZ~1zpa<\Z!($(\0w)\0NCqM&5q|xTddsSXA%)%o\"\0SKx>J>|\n~B=KK\\GSMwJK<㮈K}vʐ!\0	?>ka⼋OW/,\0{f-=:{Uijm0?څY|6`po$/~Cj~z_]O2!Ϳ l|fV/?xGF^%nf͌^\0	+\r-Qʨ_9ßrsּk^wmZvK {<㹯qՀ梞kco~-K\ZB}P=:ֽ[׺ݶ-E=(Dԡ$W/yoֺMwJJ[\'1+U5mή)~j1#ҭ%6:\Zu0ҕ1*Ǉ1#.JV%3\Z7:V5!sn\0\nCgSScτ~?|4egdnU\'tjBoL})\'(e#Ax5Vf>bC+Q׫|4ΆL|nOMnvRERS1kkY-тy\r/fn`9Uu};N,^Aj+\Z\"ˁOi9?|+P9\"=\rpi򔼱󯠴FE\n=m:\r==K>PӼۛo2|/<\nt_xQ`ZuSr.>ne0}B]K\n/h(RL+Nyy|DjNN	渍frOUnmjZN֓J֕nr\rqkRSYF\Za5K[40!VE|M]7W1W~cjFAQ-d8p\"[~u&',	0,	'Colorless',	'Myth'),
(8,	'Lightning',	'Energy',	1,	'\0JFIF\0XX\0\0\0C\0	\Z!\Z\"$\"$\0C\0\0l\0\"\0\0\0\0\0\0\0\0\0\0\0\0	\n\0\0\0\0}\0!1AQa\"q2#BR$3br	\n\Z%&\'()*456789:CDEFGHIJSTUVWXYZcdefghijstuvwxyz\0\0\0\0\0\0\0\0	\n\0\0\0w\0!1AQaq\"2B	#3Rbr\n$4%\Z&\'()*56789:CDEFGHIJSTUVWXYZcdefghijstuvwxyz\0\0\0?\0|u\"WkD}jF.gL	dUYCl[kj4gQ(7\0Yb,\0Z Z+nM}~Upmn#m\nqA9&\\Fv[$QɹA\"e?C_si%uyV&F?uAYHܘ+R]k縷-FA}dfR>)g(V=	^\r~sRHե+?6j2FsQsE\nޛڑDh(LN:ӳ+\rZ(˰8+(2yW^*QZ--s+Aŵ\\\\ȐyQWZ6.~!tǲRk/^xP3Lp) ?2j{/<ib\'e_ifyOvjC=ļ+>VQ~\08{-vƍ:kDO2xgHw}M[W>q?(b}{oMbJ[yC~6>\\^fow\0Bu`.v[zҒONxѹ+,W<ccǿҳ0jg:Qg΄%і- ʻۜuip%ǟcpq^\'0\0Xdҭ*rHOR7pEgpM|F\"&ӟ:4qOn\\zJt3hbliX`u8zYz<_J9RjxʭTyGi3abQќlȗ>v$5h௡<֤s}N1T=E8{Ğ!1۽kRd;vQOi7b4(ο~\"tiĞň_{s޼|#e+V]SS{Wo1u+*!=O{ڶqGkmH(\"(\0YgkcMI$`$<\0ټG\Z!d:LL\0iԯ\r5k%\0AÚOsa\0|wE}Z&\"\'^k3&/i/3B<Sz[ogF_[.{<*2l^޳(%FTzS鯲)<?kɱQf?rz?ѕV<ob+0WKx&r)Թ@G=͎sM\'xg	m͚ާ=3V-rn>^C>UÀ+c-	G*X?Բ.c^\'isrLVQ\'۵d{Ji<\0ּ?ʻT=%v;Lob?]O1^IK5ޥ}$ҙ..gbāb}_,cl~:\\9%շ\0[=WS+s\'vǭ=y{w}&-kڵV?y/Dam[%o9V-|NH\'aqJݵnvL<9v\0.s_aϞ^KA\nzd\r$>ڼ\'uG%>-]B^D8OO}}|\0\n\0a)=wSOcى4lñ=)Pu=q_FRubmhk_SXZ\Z诐j\\1@m]&2Q{Oݹ̥=IJTDv=P3v`Nh\nVJ0mZ\\lqYt}\n.!dLOm0gӥPX`W=kS*W̺ q\\kM[SN6mNI>F<;Y6y1tgp\'Jvh-H\rMVP[Ԣ\0O?um\\ǃ:UU7[ޓ4;-w_ơy݀~\'WZW2EMz}l8؆A\0\0\nUg!1^O˕1Rݽ<~\'tVP}Ö֑W}ă`W!anhjՕIzJSKz9\0?a6kLmZEp_ƽnm#6ٴT6Afٓ\0㱭\'4,Дn+.>&w\ZcVo;+UOj;FTj8MY%(G5Kk\0%~vVWU2tM\"_pvU\npMx!8n7ޚojx#cQKcicmQ[c_7:eޗe}<MV\\׍myW(̾{WeKzI~\'fl|B|[-@KV<ru_ƹ9Ffª{\n*R$f{d5IE[]\Z&! @o^K\rv#@8\'i(EzyW+@AIc(ԌhGzR\';+]KltoXm y	cRC_\Z;9seo??_yt2\ZZкWl2_n[^)X\n0\0)[ZđDj4k|>OAӦ\'<x.5nVQ⧵jp9}*мDU2ɸ`]2<dAЈnqk-e\\:N쪻if|UQߓSTU\n<|ҍ8쑜)IɗQ1@Z]ǚ(f3F2uf:RfpP4b`W:78k[_5\0o-fAԮ*n#׭G4hR0te?݉Dz,T_<!lۚk?G1]R~1lrCK@Y&zL>UDgRr:*UfyP,<73w$O5JK2	T;Nf kqG+,<K.OSSO̈́54lC\ngΦi:J:fpk\']@+cڱꦮrɟJ,{R8+h',	0,	'Lightning',	'Common'),
(9,	'Grass',	'Energy',	1,	'\0JFIF\0XX\0\0\0C\0	\Z!\Z\"$\"$\0C\0\0l\0\"\0\0\0\0\0\0\0\0\0\0\0\0	\n\0\0\0\0}\0!1AQa\"q2#BR$3br	\n\Z%&\'()*456789:CDEFGHIJSTUVWXYZcdefghijstuvwxyz\0\0\0\0\0\0\0\0	\n\0\0\0w\0!1AQaq\"2B	#3Rbr\n$4%\Z&\'()*56789:CDEFGHIJSTUVWXYZcdefghijstuvwxyz\0\0\0?\0ޮ&|VX$n7۴u\"3{3Ud\'P`\n<W\'0rIvse#āM-ӰHV2Ճ:]噀\0/1X>]Bɚ?#NC49[hghHBM{춢D\\b$DW\rxg5F$(_A`%\'ly|ܝWϺW1zW(XTWI#01rcxbel^ij̼d<T3ڪ_8<C\'~zҚ[*8et\Z\0}Gn*%vOҧ#µԾUsGjrSMUF9tZeu=K-:9;i:KL滟xU`|\nC*-ԚHO_ˁr^/\r\'{>ռh=S0(ݝ\0{8g^E?ݎ,4c^+?+-1$\'5\ZQTle\"3^Vq5%ޚ֜p_*x\"XW{jCM_iʟv\0r_3⦯z\r1r7ҟǢp^]3^]K,͆F$ֽL[;Jg+\0KBN><F!A p@`9xAPZIѿ!\Z៉׈YGr?ƾK) W9IZxuLeO}~}s+KTc>1d\\v4.YWﱍ?Z{\\[Y~OұJ\'tȩJ5nv5Am:y#VT;OG<*1{T|`7ZlR, 9O\0,\0<WִWFhhlR^ȟ&zf\nXt;x`h<=krA[H\Z@6>Q\nx:>֧4;(S|gHӣ_mrS\"<v\0&o/Yn2M<$ORNMq6,o,$+fp~o__UhO[;~HR-\r@[Pz!I&\Z㪯7ni件IMJ\"nx[G6tLKnd$gVhW:c[fcqcii\"(´Uh5ظ{kyZ?xWx;u;x%\n,$wd>z{Z½Sx2ZŹqX,օZNmdm\\kEMӅU5}#\Z>dُ\'u?ҼEpN\0ZSm)\ZU\ZosaHR6]u;%JZڝ5֍%\'هp}մ-yU?{6RЃHҷ^ok\"SJHهQ_7Wt1	?[y?\'IOs<8ڼR1z\Z]^+|AlwV8ݎj#|14ܞ8rGZiTc֦3*+S|l񀧨[[$M҆UCAɟ\0ס.Mv=\r|At1!MprMLK݂+쥵aG\0s?zX\ZJ4SʥD4iz|CX\nok~f\'U=OqA	s^\\tf۶V9$.͏#\rR/=]Cx2m\0Ys䪧5\rq-nWFb=:{\rxĺU%?(J5սSKD>F<`H\rfxf5MZ[\\?ӯ{DfQf@$Xus^!Y\0\0	;WOgr^b[VѴ׬mA\Z\rZx2?P+~Ψ[0S[3&߹\0<j8{$ͷMxw+iުaj,eG=9ApyŎec$+_ÐquQI⵪5χ@H?MkQX?9tL\\:)tmJ[8.ahH.ƃg?<u]B)x\0^`}`:n\'EiwiZf~F	mhBEVQOtk:8x{[gln1}~WS-067Jdrz)Fe`G9k|=GEvk1R4xbjَebys\\Uvml1$~=ZRA\Z6	\0ʰrO$G4QUE{>+煚	#pEd]ZKj{\"U:zquἯoƉ5#M)cEorJ¶yp	OWĖNuF#maLk\0\r5γ\"1Ov=!c:t᪎\0-YWߪz.a1)5=6m>XB8澆Ycw\\$0nRF.=>9VѼucy뚁9=Mhkk{$N}*8WΥ5bjrxtYD\0R>z9[<Aa`wJTu5EYGmpāQG@{8?_ه3\'Hy\\?f\'9潴t#DxK>,Ҡ-$jh9*:H>\0:T5q?\ZEXR0Ak>-fYb^[%c^R\"Qm;+jsȓ\rR׶,qď!6G\\W +̯ck{\0H\0U#ݩh7=]#\0W`59i\'>?3]tD\0Ze\"\'*rpv&u\\]qo5[\rCh7?ƻ\rxKHҤY}y*{~,w\'WMk~)[m.ز\"8ǹkȭb}#:\Z\Z׵ht-${Aؗǻrj<3x+I0Dr\0gϠQV5Cܟһx8`7\Z-\0hN+V s^Li͚F=+<σŵŜDC9;\0z׋\nskkZ̈́H{7c_#xM?Tݗk+AGZeSl\\D5GI]6\'\0ۭwb3\\4iv荅XTFVAlW\ZҧuEYX=;R,ۙ<{םY sZsE<DǨzjVąf\0ן^WQZ˕dV%zi\'ZkZXž#gO<?:9 Oԯ.˞sF\09tJhĘP8TEmN\ZgV?\0$[H-$W#\'C}@=kNɝ~uZ)k赹p=*GJxJR|һ&ǝg[jmM?Gxz^du6¤jG+\'XnW_\\CXN(S}\rOx%$5_k ?ZbĿC\\ī!WW&لr\r֨&C}ksÚ\"HyS<3yM*Y4IJ¥v\'F9+3Z<HgQA×SR|R%v9%HkUԢ]]`',	0,	'Grass',	'Common');

DROP TABLE IF EXISTS `carddetail`;
CREATE TABLE `carddetail` (
  `userid` int(11) NOT NULL,
  `cardid` int(11) NOT NULL,
  `quantity` int(11) NOT NULL,
  PRIMARY KEY (`userid`,`cardid`),
  KEY `userid` (`userid`),
  KEY `cardid` (`cardid`),
  CONSTRAINT `carddetail_ibfk_1` FOREIGN KEY (`userid`) REFERENCES `user` (`id`) ON DELETE CASCADE ON UPDATE CASCADE,
  CONSTRAINT `carddetail_ibfk_2` FOREIGN KEY (`cardid`) REFERENCES `card` (`id`) ON DELETE CASCADE ON UPDATE CASCADE
) ENGINE=InnoDB DEFAULT CHARSET=latin1;

INSERT INTO `carddetail` (`userid`, `cardid`, `quantity`) VALUES
(1,	1,	7),
(1,	2,	17),
(1,	3,	5),
(1,	4,	5),
(1,	5,	5),
(1,	6,	5),
(1,	7,	5),
(1,	8,	5),
(1,	9,	5),
(2,	2,	5),
(2,	4,	5),
(2,	6,	5),
(2,	9,	5),
(3,	1,	5),
(3,	4,	0);

DROP TABLE IF EXISTS `deck`;
CREATE TABLE `deck` (
  `id` int(11) NOT NULL AUTO_INCREMENT,
  `name` varchar(25) NOT NULL,
  `description` varchar(100) NOT NULL,
  `image` mediumblob NOT NULL,
  PRIMARY KEY (`id`)
) ENGINE=InnoDB DEFAULT CHARSET=latin1;

INSERT INTO `deck` (`id`, `name`, `description`, `image`) VALUES
(1,	'2 Player Starter Set',	'Starter for 2 player',	'\0JFIF\0\0`\0`\0\0\0NFile source: http://archives.bulbagarden.net/wiki/File:2PlayerStarterSet.jpg\0C\0\n\n\n		\n\Z%\Z# , #&\')*)-0-(0%()(\0C\n\n\n\n(\Z\Z((((((((((((((((((((((((((((((((((((((((((((((((((\0\0\"\0\0\0\0\0\0\0\0\0\0\0\0\0\0\0\0C\0\0\0\0!1AQa\"q2#BRr3b$%5d6\0\0\0\0\0\0\0\0\0\0\0\0\0\06\0\0\0\0\0\0\0\0!1AQ2aq\"#3BRbr\0\0\0?\0aM6\\{ҩmjr>j<pν\\LU^:Aޭ%Iuo<?d5L1{4hu(\0,gqC!f쇥)-$ygʸ)\nNO~z `%YUզ$Җ4\"fTF#T)JAiK-dj]QgQNyb\nF	aCl:1S!(ott\ZyJ`Jl娲bE>cf	I\'\0sjK%rl$t_?}{PF$7%G:jajz{s)%QP|wlXtag3}EIrhru	!:g£0	Kxb@\Zk@\neKVNR>(i\0frEخ;6;p<2EI2ǖ8>ƌvqSڻ0\\E\ZS\n(Pb[w>Wh%$|5lv*Ւ^zKS	Rr;ҩWjEBURnTB[\0?Z㜄m q^dESS%\'\'Oq ?f+$Ze-!Ska=;B6#H1:4ջAj.mowMb\'rHJ{drQ,Zq=nǖr0ڤ$$\na(HF\0j8gqS2d93N}y)Zn\\d6jq<Ҟb@orJ);F\'ٝD]GqCO73K䙀M[k,>gP\0lT:˪m7\'9O_ƞ.m\rxoK51j=<ޥ\\Ih~g;kfD\rp8>ߕyx	{yo-H/4ށdHb\\O!ccKoRˉjnn*\09Ǝ\\Z\'`w3߂4gcI>\0rjq.T:!\0d)C_QZ+	elG6AGlPJ%\\;xVO8nӭ:[ԴwMFQLޕ\Zʙ	II!>`w[V2e\0\'\"qǊk,ЁWL0Y{,=ͤ8%!(>z)hڀ@N :(B}ޔRU0z\0k8$Dԗ&R(\07#\0VG^W+`u5%!J2I\057+>Nօ5os\n\'#ҏf=:/F,:x^#jP.`ߚ8ظl\"ykJl2;+W GO#N䞅<]\"rR`$d=jl]M`eOK	u(:ZȌН벻]6DdO6@z1ٶ}nNF3j̴fB@$4N6#)R.]fqMXI)^ʶ \'HZ1hYG6˂#h:=#ηM#ub\ZBqkMA7%W-+	|a9=H}+,QF2kp4\n,TPʗh\nl\'?:λN,J˓!N<)qs;	G˳|6pg\nk8u8ݵ,{N?d`Y.4i\0#C^Z7rGEn|K}d\\\\FY@s1]ݴzb{w;RɊj;DzHʸ:\'|~q=\"dʝ1`)VLhQwb]9sMttkSk\\azmCve0\nuGr>u4^_;&iN6Nr\0>^yMj)9t󌾑N^+&}[Q.2OTE/]F%e\0\0<-^WJc:x	ÂxJֺ\0]@1 -*;qux {v[\\tD{PRHCUjE-q}9JLgiJ:QOx4]Ø\Z\Z*1v6\0`3Լvg	!XNs֜w|V\\KL.	Bz.ky~i%Q^$p1:G~5ep&K[W(\0qۓM|.KI%h%f{t\\m+qKi\09&Ečzws\ZX4N$y⛍%_4g;YNTD[]Yqaw<yuJʇ7\0IyPkpM_TG<NCF.[~R!#i!+mEX	>y5+E`Z㔗b1~m6c$18!Z&5;amC\nG@NҬ!	2u/֡֯xj;~pKڬ	sPz?\'Fcu>B\Z̤\\[s]Ir4\\ߗ\Z~.,\Z}=Ol5J+iaH!$$vG\n떥Cpe\nZ?1MC Ӯ+Ijf(~HoRJNF?JT*	F gn`!;>TF8)ү7\\Qz8mHRg\"[i\0\rgf0Bl㢁\0Z79Hz쒤-suɳ|ΣK}sXK+iomeM(cA>F{ee!8\'pz*\0H[kyqxN^kp4o <<t\ZiDF\\?j\\e-}Һ8	?3\Z՗8mJF6F<0O#Ѡz%ۯcI82qz2=SQ\\l<q\\l\0aX*I;8<#̰<׷{*=E_Ո6!-( )y\0ޖ(e02LAދۍGp8*y̙9!}`mOʉņEnV3ګ^m7ONBcP\0ROZwMHAoRR$\\RbD-)vLa\'\0)a%I\n{UmZu㠹磡a!%ͤZ^\Z3.vʴx9>}Zbm	#rAcXmE(ڄA%G&jjٞEJuK\0=J֬ݬlZJK8a`KmA+#v ,oG*-HP#z#񐶚T%C94ڝkkI%\n]DDm\nЋ<°.\r$	R~5O,Z`n !*n9ӽxlxC:˲ʲ	BO](R<2flVmsMJ.`2B9ꢐk<ӐmNwhYzuͦx(RH*@T1iBm*}lБ\'88C\\OQs.n(J$\"rL%D\r8PӀ+D\\\\fBTǅN*.\n#֡\n\n-UuA@v./9\\N{ҬgOAD\Z9[O|UHJ\'ʬ٥y^ВtxmjL<Cm)v}{2gR~41g5қ%[[bBdvzNM+fwRr\0?*-D2ʕ\r02\'He^L7xVZ0͂T	$8\0rJ;S&ߙԫUfwjihZ99?oeHEUX}00l׹\nʎ*LT[ :Ɛ\ZЛB\n#m-<rc7$fM]b?QTFVR|gVP,z0Еt\n;p\0mlEC9.Ur]JQ1xSk(oVSǭGVKcLueT\0Jn&oU,_w)#!)PLR8Vik(>t$MnZ*NGN0##PxeB&J^ݔi	%	FqO<P;4C<xZ.$:~\Z%o)(MTRz3}j5*3&n->V4;:\0=MxOp{-vS^*wT<P͉6jF+*}G{i)DޤL݊hVҋVaU?(jR4f-2qateZu G;IV>\0*WUwiz\\%iR\nI?#o$YutȫRms[oRGBTNy;ۿ	W5$.ѐBgV\0?uPW]rfEoq棪CT^KI8*\'AW4,\rG:,Ah\0HFTlNؤal(-!Iǈ}*Sޭw]5<Wڠ%HT$GڇAo@c+ӕ2@hy7\"}=~m9H*\'=z*qM?(>\"qς?\ZZ\\iA*\'yp}n\\øHSJu2]߇UIjeI/q=285֪xrrV:E[PiV+$u*Ϲ3[ gCء֯se/(CZI\nx{vΧez_9RGUjsa;@V\Z1\nru@%	5=S$s*vCM2+Y$rMmZN6-4TkB9,i?=jC1ev4ƂDrLXԘ_Hu]<Dw8>UA|q7[{k+R\0\\4Z	4Sm֡s֪70AHu-JDU/?ڃ<Y\rGӋӤy!#O_<\nΒzԨ}i7c\ZNt6QseկGh[?u*>Oh[\0*Q֟*qF7},{sBzh4uEj\\w0Gs[ieAࠜgbjr:V3^`\r87\n+&\rҚu)PC#awv[Q\0mHHD=L4i\nI.5p0e+<#=@p?pχ9F]{]2:7,5m*?#^H=hnmW\rd)(cJ?ZU%RClTIFm-\Z:|:|(\'ALC5kh&Mҷ-k0[>ќC\ZiNq}hlr27%Oe8sWv>d9nS!R1CqBSB[iHm5J{.<u(5hzR*ܮ\0n(k:남Ls\\QK)(|R~?hzW>\'XS?a[fЍ@D*:ϕ^[jtnՆ2YKٵMQYHt$$$gFѽkpe%6r%`yA\"LUҿ4];CꕏȨm+k[&J7%8$?.+Zp4e6ai$*3BV9E]Ĺ<;~u#j]]ue^>Hb;\n *RԬ]	ga98Ǒ(V 1񁓴VE*u@=;V᤮Ƽ5{sC4y.ݵ<k8<`\0lv^h%p4\nqlO][]SRPP(*3Ϙ\\p09O\"89=zS~<i6+6̌*7U9Na\Z(=ҷLAWͺriz#8	X]xKPYElOil)\nv{\0\0p>$\nO֤-^\"\r,\r\"xba[	BTTz\0j{\"q=8jG)A?xOܔmڭ_<}hY{:Aj!X%(\\>{kNB8l$xǙG1+Q\\\"]+ޛ\0,8ڴ\nN\nL{)ÃPJRR@HY[iY\ZKi[vq{#M[|Kn	.>*8Yj\\\r9d>A_i=fRT=\npnIGG4mhg@P-BX}<A%\nJ~tԱCf@	J:A$YM2\Z\\ZTmW91dh.TZBqQEvSP\0y[~~?6צ?]0㭎$mWc	sr%O1q}ҹtӨf)2ܥcOhw~]6l߁;L=VoHyW[2r=Oe<}e0B\n?M&A8{V\0w%-tٱXu(܄ +PL!LIJM<m`*FNՁǗβ~(@w&㐁agHڪӏ*\\␴$ڻCþi5)er&RZB$t()ѲmX)w34+\\d,yclSn~C\r[lf`R:L]¶ryZBOq<F%֥6픂\0JL	ma2XX<goʪ-;񐕆-;pЏQRl<7URj,<+j TEYRk;:q2uC>cQs!9M]jTWtO0iPiA_\\͇c$ A[UPjUVqu*\rPK14Lճ*\n\r&\ZP0\0|qPi)RM^UU؍\npjf_,-IOPjZ9f-yf以lr`Q~2\0\'r??Jq9jb+?_Wm2\"{i3qƅ1hHEIUFC9Y)8#HI,ۊ)\0Cq<xϸ8Q=e::qJXh쁌1%m	\n	\\$G5W,WK`\Z$D\\OIN={\Z$0]ڱR~bi.Iy[F4qJaz6)V;46BSb/5\rO*<סH{krEjw\'Ҍt9rV>Pڈ\rHLFE}f89JEcR5Sr$PW詮C8=d)*IV<ǭ\ZɈҊ>꺏YomZQH֣I\"xDzzRQp3U3VA\\ܦ%!ױȨjracUR~1W0(q2S_[T\\hJk-4PNzVk\"2;PE)86H9QKO5U8\0jՍň\0J$j0rYXQY2)|CaSՕܕ&4#8eC5Xs yZsSŦr8BBOUN@}\'M\Z;[ar&8N#Zĵ[A5CX[=jfZ8[?œ1)CCh(i$\0\0YwS#JlcN$\n3<GWVDROʢ)sگO*\'<d^)\0~\rYrҚUb~6*t< mJڣCͩr=EZدAR[*%a>(Z9}{\'k~~1%Ь=Ǖ@z-m`Csܶ޳wGNHw]5.cjLIJ9Dl7WFPlyy#,\'UJ4\0\0ȡF.)Hi4d~{?J	:.D\'`Z\0]xb8&2>_*fTaf.zg_*\'\Zrjn8|ZIBDH$VŢLP*/J;YCΟi2<F9\'ՊDK`͐T|4wh?R|dWt%+oiW-k-h~?U\"KR㯒W\'֟Ugq&ڤ{Viygϑ\'ʉovN$7<G*ed7QXdCn+g8φ*UȟҕbQ񤓞6KnxKz\ZVNEU<qz#^!*+zA#>_u@\'ϽtU:*DsVg|Nq\'d>iJךGwyzLWO)Rؠ_T=RB\0GcCsmז췘}ݬHY])JSC\"2őW|+rJkDq0;3l)V@p\0֫l<88W]Zڟ3җ8qWQˤuiIήit4<GrwRjuy[laȩKS$0)B2v9=XZȚoB86q[u[9QW+F؎hgwcX*Kz\'\0j͵>y1єnyj>CTŻTS*H<%9V{Vm.cj7sЬh\Z(]i\0;:h\\}(D:O\\ߐIOZV[BmyuMIB/V+qJ$M;JRDz3ޟH>t\n@ ުQRp6ϻSh$(Rm(`Ɉ0\r`Y)NHz94RnYyĐzg! 8::9mJ@\'--\n2R<jRN;J\n%xQDqMm$Z{E%A_:h7T0CRږAՁ!a*l)[x*ePE}MaD@?\n$m) 7\\++Y_0.n]9);pDb	)TBTB$yT]rvrG\nGC)LՇv<;Viw+jSm|\'E&\"&/_l6\n{tuK}ONZ-q0GTdxaI=Ld>^+$fs1Ӯ([\'|j$9g$`,qCv*Fkdcvۼ8zm\'GOsJvi	u%>\0zw5.[.sL1QFєGϩ4-Sx II6&y	ER!\r^~ISb*ݻQ[缭$m	\'yVmupd2VxOL~u]ړPCX)$\n@n\\6_IN/hU4ХV9핾qҨԗXRҴ<dpA\0J(VHӗVi\0P\0*)<cƮtޘcJpKNZBǓ?\nų\\B	ǈ23֟}TAk옱n$ǟzRP2elXL)KPGQ@Wx/j>{ssQC֍HJ#oy<9O) qOᄙ-\0_UIAXi:ҕ7$()V;(G;5\ZlD_?#Ɋ͔(Hdۉ+kJ0ԓqL8c	WƂ(.F:U$mB#?QhY0`o֝\"sW9!pMp+c9Ҕc\0ؽo{l޴*E\0BStsohW󦭖4[q7;yS3Sec$=*CfGlp˄Zv$qJ%0=vp3Lnrk\0tڢ:y\0QaFcRB%FzhW P27}R\0]Ti-2 o|Y#=3QFOoU0e>+$.QRCvx!^\0uj4(7;lK%:fF쓏R\"rmlpJynxH琬r3^(ۘ=c\rļ1;t}PPշ\0cA),HFB-q4ָ,HLǮbb6c|;1956weZRԼ\r=!=kmU\0Dt\0ް<Ag\0i?\'>Е4V:B\r*DeMeV$~))FdGZԻgqdKͬ){sVv=ۧC~麲t%8BR5RȈÕڭ==:ͺd\0ʶ	$qJz4F91˒%CHIJ8QU\r|J,>^uJ;+;$\"WLꡥCJVTI1m\"ܻ䥴)LbJB]Z9GnM>tK49LĴa!%[O9 \n?dph}K&YTuvO>`#i☔e\nㄜq׿_MpvMZ}((fYe\r%xG5gų3ƷZo	LDbMbU%S!R.)G\'w\\gS(@zS,JQ%G$tq\0PHe^H\0,()W2V?~۔is;BIzhFt\'XBVprw6O~qZ e{C}1uui%- _dɷ{Nό+f<c(yFo&jK*9U4#V@BT}RSn$Vl,-*^VOIedDXGh\n~u6^U2ۖۋbBu,ڲ<>xA;2eˮHnw(9q?diR]H)X3\r|s%yi*#%aV>QRb)R<Zq.E-MAiM<uح>PǼxo_89>T6:-V@Ja?Sƙ~>}2|~a1[Gy	tVRsA4Kv2MBF\0u :~CN%)BSYڐN;T7|CMp?QPpx9n<>փߺ ̲nnLGdǍ-hXu\'aXH\\.|)]l2#\":cvcjz}0ͳ\"ԶsrpTظ\" G|q8p`p{aP)i[\"71Pظ)\0Oj	SwP\ZJԧJ~\0y\naO-W-*J	sB\Zf#HeS4bCT\0B8sҥlB:5,7O?r߮}\"<Li1mA.AH<*^ZHɌAD-DwsTڷ:[Se\'jw\'Jhiȫmd{.<c3qfHFw.6I_i>um7TyE\\6XW3\ZEOn}q+9F{UbtrhJ(}3Pz<kku	I9;a#̷Pb.FzW^W~]жr1߽hSp(UӯJ2|}>#Et_	)p\"@H_#	|Q3Hl3 sޜv1N7J>g\n9^ ӯt5WH+w?JU>@ʕa;r_LEc-*҇#ʮL<) 0j;i}H\0Jc.x%LʴLqpC.;xOKH^Ӕ8=T>ֆ߈LTwmZHQQѢrTPd$S<Ϟ}5VIvNsC\'s,@9қͶ!*qZmथێ# cjȺ?*ⰦO|u0ְ@SwHm:j/xHmnn#fqR_+qإr㨷*ڇ\\\0GAD+5u\\m:T8fWgBvXbSr\ZH3Z@6rтrƮ\\W\'oP?眜G^</q#$f99N(so..d,9jyLI[E.GE\0Wzzy\\S	RԽ##8J3SwIϗz2[11U&e\r$cАkJs*Vlyim8dzL_.Smܤ\rH	<Iu!=:)cړҡ>6uh\0^veem%yrT[S@`;ץt\nZCۗC2w g\0\Zܚ\0@uD9!iJ^Ucp7kFzVR&ղ^-)A8Զ\Z13QŀN,rB[Kh/#!>`{#z94l{ĐlF9Vֈ\"Vg]PMiBވԫt%3a	VNZ*QQkTft9\'ER]{ L5rqN)% n\09W	ۉ;Bz\nk-49U\\9btϝӋxPGێsIm\'4@ά. q8\'J!k_I^3}1\0!1I>P*T_hTRsУ	pZSCZ>Wݺ\\sT̮WIF0?֣RPJBr}ւq7a=#AT\0^?ZT]MHѡXkU!G9N:q \rTGg*USBT?ƵdȲ\0޶؜I)ՖiRu9fvJ%}9MqxލIcj)RP^-5\0xRza[\\Xkx*U9Aph%]xkd\0Qv&\"R\0*C-{.\n#wtmK\nn3SJ]m\"d\n文AJyӺ\"'),
(2,	'Neo Destiny (Light)',	'Your game will shine when you challenge opponents with the \"Light\" theme deck.',	'\0JFIF\0,,\0\0\0JFile source: http://archives.bulbagarden.net/wiki/File:N4_Light_Deck.jpg\0C\0\n\n\n		\n\Z%\Z# , #&\')*)-0-(0%()(\0C\n\n\n\n(\Z\Z((((((((((((((((((((((((((((((((((((((((((((((((((\0\0\0\0\0\0\0\0\0\0\0\0\0\0\0\0\0\0\0D\0\0\0\0!1AQa\"q#2BR3br$%ST4CUt\0\0\0\0\0\0\0\0\0\0\0\0\0\0C\0\0\0\0\0!1AQ\"aq2#BRSTCr3Db$4\0\0\0?\0ry0քNApEQ,2kF7],AL\ndMUlDClG	k\0u)؞5jαe:nȍ\"-Jy1,w5tJೌ5U{HU#gc$\nU\n+1@cdYFP׿҉.˖W]tDg(7GJpW%rdQT-ֈ(Wn`T\ZԠo?zveR\Z8BIޒm #c8ޛD)\\Ό7\0kF\'\"J\0wiYBL W[vViY[wVzH O\Zrcq!YA1vgs՘5+Z\'n T)^C0EX6PV<@Q1-;v֕%\rM~a/mJCn#t]]UdޑAF^5!rں˔\ru,3(6*؎4_uB0;rT5\nQL+`W(URe	8nq*3vPWEwirz6K3*_.N\0~U,rNO9.:{y[BiOq-ol+n-VԷr\0:Cl;+d!rW\r>	L8w?,fAHu.%r%Gq\"M`u՚S(RR;&|pOOTv^7K9\rOx<\rtۈ}\ZJyo(6\\Fq#Զܹ-Χw-s] 2!z\"8;xqDA|9\\:Btei5aF|qqgH<p{Ց2\njH7v<pm-ζLIĖ:\0XUl؝\"?4ww8!Hiwbx{ӒsAdb!vZXIk{;eƆCUNhi}Wl).\"0\'fv1sUܣvȨ]Dz+Њ*Tl22:\\~-գ9ke0Fjյ>k8Աڜ84!;M(]S/^t>R5\'eML[Xv/Mꓧc	LmvP=Sѭ3%ܧ|混8I$ᷣnCRGncꤺn\rJ߄+fMlr/l uHaNKk	\'iPNUL\'gh6h68u*+CM*usdH	\'+cg{HJW\Z\n;*/-$\n7a^x%EzanRFFuSp[Φw#wc?Oh{oQ&$Ӈ:t\0$t6h|^AEk-5[}qOLWW̯٦㟇YQRIY#k}cơx,m5[/	<ҳkSji\"6$a{ GfzrU&uX4{[9O;yzI6p$D7[Al_>|qG\ni<7q5KQ[IZFLR!S91j+ͥw\r:;a;&\Z*[W$mĉs!F+NZ5mZ֯b\rܶv>H;֎D׵;]4TD{iSx\nm^HK[A%OmsF$+ӲHݦ:}Y#\Zs\\=hZO<wyp̝}=1tv9I퐴\ZMW^{7_i\ZƓ4#8^\0zJ\r7t̕S@>2Ua.xuZx,qinCJULثA\"n`le2QΜiT*;DP\\czf7XP>2F@c^֟zUGXgK\Z>x)۩^\\;mv+]x4L	㙹.^\'[60h\'[N\0\0C^c|S5Ŏn/Jh\\inEŦV4\ZKXM.rL}1fU%V3Ra}̋\"y+bARI\ZCAY믨RlepOM\Z8\086hi&R		96\ZE]$Aum*p;|Zc1N]+xoo\":HHM\"=jsj̇oIvB|.n.zdHشu2ǒ\rHƳiz΍pɗlkvGX6\\j3_vҸeqF\'iZa%Ԯ5;A1OsYuQ\r9cw{rM:cf;FsxUv=,9vea	m^\n#Ep\0#A,=3ǔ\Zs]f[Y.o\"qA\0rzWK(,֐.:Fw*K>o[q`*?#zn_1=\0Yش3W<~U-t-?NԊ,&Wc.:ױ_BHs`4s<wӢdT	nu\0G&-+YүttuVhLObk2tu4X8wfy5YM4s@,4Sn#҅hS(\r	Jb«:o2rM񪡐r\'Q:鯵}?H=t\0ֵO5=e+<t5*ϧۈ-\"F9T\n]QS:2*diY#/2#u\Z&0ϕ]Yr060k	8X:Z1>DYMeQ-ִmFd$.@c֜BҨE\Z=ļ2[͕\\ymJ1/7\Z,y\rP.~EuN5nQ*@Om㧭{k\0ש${)T/dmޥۏy\n!n6H}!6#{P6ewg:+U\0i\\ ܌;uR6iq#ǡZoZ\\}$,ZJT?Qk:#IQ&myo/mEq1oT8Vu	[\"Lv_^^a8,\"AÔ3t;sdFWۼN.,+IGᐷO+^1ٶ:60Tů-pLAÐs++mfm\ZTyI\'hv},\rHrEǙ/#DƜK{kZthU-ִ:~͓sנ/:RZÐ\0$BY.]76,u-|$B:8F N7S~:VFp}PIY0⮟*\"`i噚TjyYScure[윁ܫ|W.KL47[2KԎ$?kVz6b4E;*QLoUUl;Y(Vq\'isɌbǨc1)nZtNNמxQqÒ:\nEdFp3;Ny]Ny kot.ۊ\\\\c5pW \'ߵ2ӢU3ҼM#`~SNE%	g#jaB*@?ze}֌&㸯K՘ߒi\Z68ctC%n㈤f!we#q^G=mNpyo_ӡԆ9\Zjz/\\E=lv5ʚ8F\"pikjڃh;o5w񩩘*eΨx$4Fn/ӥ<H2xv\n>#=k\ZڸuwBl_]Y_nmbx(̳M&f%~\0>kgr\032	EVi\Zn^QAښcK{ɨЯ{:5]7Y]Mcԩ9m҉cTkvQEJ\\\\u{дMŬnǩ\"u2>Xn\\C0b:֥.7SJh,E.6OVlB3\'6<\Zxe~_l8/o#Io%꺝@!ȈgrqDT(q9(3%E5p%6R\"~RA Q8F5Vʇ4Z47#mE(UROq=C~ c IcW]GiDx.yvnD\rE#0ƻkYOPx~\"{ԃ?>iuAiN\\ic`+X&\Z| ҥ,};S UF>UAUtK{H߁X\0;O{KϺme,Ь\\6\0JlF7e\rdniT)whkzD(ĊF88rTpQ{+wO7\\G8nv^Y$ig.סWhvBNլvUa*~q\0CS/uOXaPꅓX[P.\0W\nGg^aw?ڲp:ǏE3d#TdX9?ڱ%\'} wm\0|z?<\0?ځGWoLsV\0bûwS~ Z:jڹ>Lvû@Aꅓx}eխ0Fp_;[۩\0z?z\0#\Z_ފ}R8KVQ%*͝\0Jf	ũ.\rt27W4g?\\{օxtBS>DV#F\rKKI5Be-<>=m=Aj92crXߧjͪp؝\0f*luaX4TA[(RdXEz\n1^kqx(:N#pOlaaVU\rתt/	>DbNX=OZ٫k291ۮQ1E>{Rugi֕E}@:xɟ\0V#v1t\r:@k{5,\Za+1v.{g*:}J>(U;X5+4;[ۚѥX Ld0\'+9OU\'r\ZԬwb2f3K6pp7VRqyLw?37J}J;ӼŔr7F{_CG]j\n8MQ6@Lyb*#Rr,mqgE	m-Z,P{.99\ZR?<59&u~Z\rZϪ]CU<`r=wJ[OKUbYK\\Ǖ\0;kVNL5ZD\',$WF\\?4x.ƯO}O<CCCgkZ<=WAKY`mleY٘̌]pv~\rR0yQX!x<K:E,1ŝKge?\"EHcϷJ$n>Rzzzfk\re{uב5Mmoof{kE\\p gn^PU̒ͼͦ^&cvh29y(xwFLn DD0)8ݝ9\0#A@/J:M4Q\Z/{ٱo-ktע#U@p:t;O1kֲCuy\'QZyXjs*o5`W$#c:*(ڼ͈DɌ0\0Zq$,B\")=p1Elc?	\\V2*\ZmZZIs[8mgL%얨r죈\0]1ֵF!H<qlXTz{ۦ,eGUASϟ\0: ;ӏRqlXI[(=[d`sOU(qQo7B|@_^OOX/[rˢ{<#H4iFBvPYFqY.6w9[/\'*1g٤$c64\'X3.za>XJP%pT\0F1c哏c\0ۏ*ƿ$Q{\0~JIx5:&Ȭ23Ҹx\0Uqx,=j8;X(\nXt8w80W \nT܎]aÏ*F%g\ZOkL9+:`@`\08;v\0bkBA36yWf-{ԗ̬fnm;V>72uKsٜI>%\\u[+\r\neL;Un5e[$wC]r1^yV[ޅb4Rsq\'<*(,qWkI6f\"vzeU2H#8\ZyP82Vn̂TZ`*5ݥ8t.qn69C*zRtn`▬x]`2Zn~Qc\Z;0β#cs~|A=5&j7֎+98(G}E^޶\r4\rEI3+wGbR9tKnKWIQ<z\\Fs`v?$.ݓgRF8fʌRIF~=jh\'pkE]sf\\⺦:!@)CT4Ik$:ܓ4`ph܉W~椞\ndg9b\n	]HUGʙeur.(# ςmzHHTr)SDuHi(#4{oSN^s݉E$`2)cd2rk^T\'0FEj0G\\j2\\UAOjxL3Bm*jCKo1U\0s#P饚4.9#W(iu,#e*/)l|E@l\\ku\Z_oVҳ>m֚@kI,,b`4B#wQOF4x{Ȕ[<2\'@1jݜMоWgI@=r30y:9&l&6s\\3/W>\'sBCһ|U\0Ș%ַW7A+M;ʙQ\\A\'i houxounG2q]ڑřဌjlv;-x;,Tc؃ӵ*=2lwYGx{Iwx{G\'6L<-ER\\\r,r2\rQm$1̺\05ŬЃi,gBs~tpq_DP6\nLj@\n[j*>(ϕ1ˉ]\rW*3ֲUV>\"l:_M\r{#DkB-:I{rӅ9U>VwElaPV{ք![IOʶ q\r;\0Å\0O)MOIZu\0{[L1\0?$K@C-gc{ {	|D&~(n}ç0`:66s$wbaZZߡLXY:mť) $~fEܝ2-O\rD1XC$8&[{,{\\+̘kFˌ\\\\iW;[\"n2;VK\Z	g>⑰U#@M2RƓ6\\pfi\"1\n.4ƷA\0İKvR$GΒ+RǧO.s]pZokE6|9el^YE||[a6p;TuP%ޒd,`4l|ngCH;Hi9z\nȃqmB\rX*yԝ*J4gEtQ)ɎԻ>3pnFwReG@z*m\nç)Ȧ7Rn	iWY`έr8AGGR4EP$sUq_sR\0\04\0ߚıK<~\\ea2>TB\\\ZlݷIqDPѵ.Mm%xlZam[&`p</%hgy~Șj:vaxZ֫t1ϜqTd$a>mwM9jOiZޓVS˦U|.pOi>#)F3u&j$\"IakKxG*FU>%|c\0miVDͦ<Ȩ``ZTi3՛3Ƅ]hƪ./̲H#4ryT\0\0ypQ(*sAqr|\0󨈮*ƫ!	Hu#0sKT<3eE.+7|Z@UbɣE+¹QX,][ydsoFKJJ\ZLmdU}-qL4*\nTiQMZPGBִ	ʿP4+{F]Q?3ԵcX;R	-FK\08WpRM/웽Em.ҫ,nh_-m񅖜kRC\Z68\'U\Z8$uao1Iaڒ/ G1f޼Ff92t̊Msds,H\n90wsKCVCXMڂ\\s~\0s_*NYNHC>hw#n[w\0mvj#:)+CE\rTBBHQZ-жT64;lzU&faTcd@VJ7/J:\"_POųV3ÆR|Ҝkr)clv\'Uouam~ǌ92+B7~	uʎ5\n.nĊ:TlN[7MBsjK3qGgaI;\n+8tksj\\.#Qԩv|f\nko:W  Edra:0J#Pyp3U$-j.	I<҈ɤ4cZtAzUd2%3|]5;\Z3<\nK\\2!GMjzFwPuT]Hrݰ`E+@ɋJFsZQJQ\\Am3ǢɦuQq|wSփ=-	#!bn%ۢ|ЧPUu^$	ghB^êfe3+FOc{gp7*BrQ;d$ڡG<y$]Bq6+c;.pOf-\07r@\\B[[Pf2T0|4+\"c5F#$2gcOu	5-2\0	C=_O^\'Q_l|MyWcTMp֩rĲ`4gRb	QDRUYGut\'.~T#Uh^GVZuU[e_3YqhöOL+`KҪ߸Hnu}U*`JOZ$EuO/2u6>Y@:+/  荶r5trH,:1)2\\~J\'0ۯiڈdXBZl]Bޔ\\XUp$).69##bwWU4JRfOB\Z{#a#{J:3PtXiw[cRZgv;+G,*\0e8#$\0*թ.-`ٛpg({/usȫ,*T}7Pȧc7oQ˪mfc,{]P7˟{g	\nFĞ1Qc~qV$kֳ.mKK9рte`W~Zu?m`l4XAo}R\ZlU64lJ;J毛a.a?ޫ{r@%YOՉɞ$BGm΁-]Z\'$^c({\Zς(+A{\rRRz=[e5~|S6VujZ}\nRqAڳ(fЪ\":R)W趺J6^OTv++I`rഒkJ:\n2)\Z!e߽zq VkBUVE9S\rupaJ<\nKs\'6,dװ\0n\\ڎZL}]vG~3QE`\n,e;H~<abӆcխpTcz^J#W\Zd۷QWd.iv6Dm>2^qhp湏k4%\\stw37F&Ģ0^4J8\'\r<Dv7L*,--T\Z~֟5|d\\/hYg^~ءWJ%,(P5as\0vjksuVdm#81$,LIvتXx`v7Ð&VK\0kiRت%oY%4sYiūP,l?gي;vW\\=k)R):\Z wZj.RhLeZSDJѧZ|VG<!=0X5%W6כtF&XV,dj	]<\0h:LZnUKr?Fv:VQwwX@fi>(Pڤ	\"H$zGϕ^6%rI	\ZUT[U\09tkъ(\0⾐,sY&K2Œ,l;\0*pc\"p.\Z	px\0`}Nn5YE,\"=~,=9g\Z]O%VENu&%$c`j(Q,^yg,bjΚ;0MIWfqKukoCB.h7<#MAj(~hCҵfm$NRoh\0;G#Y0Ga>ʑbҎZ`F\rjV	E\ZՆPP26AFb+ҀrB(MTF+R7\rPXU%)k4NRvQYrtS\0Mr;.?\0^f(XW\'t`4\"Ӵ\"g{z*zyD+MW{[ouR=2SG2UT~/,\\·贐_\01ShV[Kע6C&+\0ObHpZp]ui¼ԭ;ڮu{90(SGp(Il:pd.yF{\Z)ڔaڍ;.V!\0C+8<C?f+2/_7&o/5Ȉ*ij990KZ\rRa Jٍa\\ӇjfYH6qp*a/IVPB!T\"]VX\"^f18[`6?VKDC3*r<FmBh9\"7T~c W\rCs-A9\'k,4^UT2ʻM]\Z@Rr0{Yb+UK~!sŞ75SwBnmbzHȌׅk@9Z3/2oD\"B\0Q<r2~B.(+CJCF̼Ѱ=<Yh\\SCYY.kjf,Lh9Kuzk5<գV֨ZnxNH6RFdlcpأ1J3 47CFqkQBUD\\ܴ:R_y0Tw۽{*L<Lk1#NlU_Vԭ琼g\n̱޶lzX,*FIN䷌ o+(S\Zf@A\'hM\0Z-2mFUP>gY\0)ʣ%W}{=%hk\0Ҷh3D-[B={ET0E3b6<ȑƜĝ3Cxw4IvpXnMKX}=#(SԮz\\dc&:zu[oVhnѬnۨ4Ax@ܧghp@`ymFFޛRSuIb\\pUL7	Ik\"7(%t3X^8\r.]bŘ	ekw?6\0p瀞A*GjVǝ2\"K^0\r)#lnN+0B\Z%\Z\Zo9U޾BڌUZuaORhZFpCL1&?\\B#HHBԝ/o5!@\r UrvR3BW(&h	Cs3--7KaHK8n&#klpǃ8vgKʻ^S+xbs2&#9\nDXn-\ZsK.GaF+O6vr{s7+G{}˨ZH,@TI#L\Z>&:׈]XZܴͩ\Zu`c3[T?5\r:i捨h:#2@HϧZjȪ4aMU:S~Ь[P\nc\rLnIwIWSƑ\'[*)xqoKX^\"C07$2,:QښL#6+6pXHqu.}MQ)DoR>Qao$M=T.RiKrQ_<(Qֺh \r\0./uѴ5:Vo\r;)p.f$ =6?y狻[.K;cgu|7\r*\r°p;(]V.Aej+X*4RaF[]rF@9k-h^hNuEESF֧ǡU\r(\rQ&OZ7@/K6qj$x||L極] >\n\0\"i=PXv(u[ 4fFc?C\0Q˅,zG=HQHPPu8d7P47eo4F]D>\'O`i֊.b@L]7qQŬhw\r/n4ʖP~\'/󍼀x6LӰF.wm5]S^1(1IXZXi<	sb`2qU%خ\\ߍeKDh$ጲd8c\nܠ6řWMcn-H-o-yZ[\\2t$ds)=9HۭZ4ʴsS<uhI6`mQxfV>-7OTL򞄌fJZ]G \\n/QlC m|ڭBV\n\rдP9%p0r>`s`]O\ZV\0y̓@T6s21LkQ)K<5A7\ZN3ڶJdO	uu6췃#g4eihdfB|*V7R(NI$@OOڴ4(wڟj^5͵-L\07o<.:݃lvuVm3z7=FH	-XfMqSwNrs($1P2jxr;K*dzYlv(n#8yE4NOEjR{uV?->Yxx\'fIUSߡMeTS^2r\\ZZ|W2n}*_+[A-\"J33t57h,ZдK]S+u(lNH;Jy.r&Qos2]/1řmퟥA\nCJI1`2\'$z^`nˡi=)sYO3҃{LR.aJՁQ?MY.\04|eH i\'eHK31PI\'ʾD׹\rj*k?߅2d:6N\0ڽ#0*k6:鳬qpñj7F1(`#]P\ZJ-ӮM#T?{KvĒDM$\0`uWRGy\')?nWB/#H \ZBomtۛn(>]#4&ʵcG{8Sխ#e2+B~%l%]>:Cd\0Z.U~k\'r-4^/ivAf}jM@-ڦ=EW՚lU?[OkQ덅uBsE%֢ɞ]aSeeиn-_\"UhVc\'H+\rky+}d[9F@FťZ4.rɩ\\c\05BEMp*W)XjR}r+^+^KFlf1.?7ӥx6/fypW`_Ns^M;Y魊ŵխ_\"\\J0j.xeyݶZ|~]oKEr	lB&;ӬsC-SVE81n%;h[/E/ijB81cӯ[KA\"ME3%|{A[uack pUpF:T5{eZ51F3roqwrv*Y\0NcaNT6zzl<6Fz(YJ g<v-u{[\'ǗwrΧ 7䯌;[Q+\\Ζ{Ev\'5D\n1o~~lैXon\\Кt6`$\'퓍84rNz#aPU@\0y襻dlHܿ`cIavjcT8_1EdtCSOml @ұn@0sͶN6`6n-=Lp;GMYC>g3?ҫ|$B0U7[ibKKX|.y1#IcBN55l|~H2po\"Q}5dve5b\ZNeKom#\'\0R{i!KSյ+Y[ӭ&R.D n\ZtœEeB\nYwJO=WvܪKQЍOQ_8d7p\\=Ǭתּse uVA׼đg{\\<@$z$-ck;no\ZUAX&ʨGc];z6Uc2WΣ%\\!uѧs#r(\\X4\ri%s%k%ۃpy^\0Zݯ>\\Z2 N`\0u>evmi#<y\nQSj$\\5?첱0jh4o1\Z DŀSԜnj1\'̫`16AeIu4fƤk<ݔ@78ӶjÛ[M}9<0[${m.&q\r,lJ_|uIEĈ՜ݠVbkLGW9aFA+3R9fdFt*.?z_{$3mG@{\':~uHIIoLNOR;c=i0)#7=t,&52[{YKMp\\J	I]pA;dzhs&p$4Қ肐>i]K:\0:X-3];<n*XZq˷}\0mf+,\0s=O!REW1\\L\"^R栫%g~[)\\ڏ\\]ZH\\JHS9#\0׆+kɵ`ܾ%1_+ntp˨kp[]-d\'!q.w޾\rc{b#6\0\'M;}Dj?e,!{c+eW>[׌`ů_+PDly^O\\WT=qGkwQdggv׮IWr}ɛ$BOie$ﬀ2]Qm9taج`sc׭nL&)*~ou2Ik3LH\'$\' zq)!gd:nc]\\@BoQҔluΑo&{#UL2)%D7K*$(~ڒmK_SMg{󷚻	/xm7\'P\'\0LIF5:4)X4utu,\"2\Zx9:e\r,v<=оBɭKim啎Cn<0ޛqг/w$sgךϠjq6zΙzL,p˸6];\"4eGi|\'jjv1s,9rlW\"e%ī%/ZWٶ4\\8sx6t\n|)-!v`4&&q\n$ֆsukYUR͵rl͞\\nv%Yuj.Ƽ1+m*L~	O=}\r|\r45-rF$fRax3ZҵwhF`rU5h* c_3CU}hwIșkvEn\0>쀓]Sa_7,+zqVU/$$fȠ\0_Jӡ\'!I~{M21y^]\'sEMI\\\"hV4uӞR[,̅9HwҏCy8$0^OxYa OMqliг1.M>ke.ݔ*<7͌4۱eDS/drܓ<T#\ZәzGnѕ|3aqfklٶQk4!,B}62n$\'f$cGҏ2kss~I-4\\j#dg%}\\z*W-\"KK[4rI;1{U29QOJYgĮ/x\\uں뗼J!cRjRW->JJ	fE2ƎG(4fHRò\0T$ܩpsJ؁X.Z_9GE_	\\@*3\noHT-\nyu0jWZX踬N53n0_O͎l֤P\\e\røحF8t24`cEj[8+/5*9r圚gBI5+WD'),
(3,	'a',	'ddd',	'\0JFIF\0\0\0\0\0\0\0C\0		\n\r\Z\Z $.\' \",#(7),01444\'9=82<.342\0C			\r\r2!!22222222222222222222222222222222222222222222222222\0X\0\"\0\0\0\0\0\0\0\0\0\0\0\0	\n\0\0\0\0}\0!1AQa\"q2#BR$3br	\n\Z%&\'()*456789:CDEFGHIJSTUVWXYZcdefghijstuvwxyz\0\0\0\0\0\0\0\0	\n\0\0\0w\0!1AQaq\"2B	#3Rbr\n$4%\Z&\'()*56789:CDEFGHIJSTUVWXYZcdefghijstuvwxyz\0\0\0?\08YA5s9S*G=@\"%ӯ #ێNO7ǭFd`\\eq3Ht;*GSP(,s*_L\Z֐˄e*gjQ\'2:SV=j#<d҄` SJ93<	cr3Jzs01JJ<26?׌r)0\\\"/4#NDyԌNAx48<T)H\0øT-\\ sLp:EO,qIspjEցT-<\n1:T-Oj\0?Ai\0ys@\'=wƃ#v))	ZG\'g P=&GjDv+h010x͛655Ӌu)M\0(BʙC]Dzp*i˜g=R=|yDQ\0Z1(,O\0&ս(%Ykf3%?ah)iBN@J-ހ RjDf@qKZkS&!gN҈kyty:MHlDǵ8@ui8VA\rSw_6&TЗ.p=*eЗ#(Xpi맱z l׽X]zQa~c0CJtD?z\n E$?*tYUנ\r(~Tp*|?JFtϥ8Y NqI*t\06J`v\'ҝx8ESEN\'?C] aS;\ZV\Z0SƑدsӊ8`0W<\"43v})Ls@ـvSUO5|aa\0U@\0/ؐq\'3RdAQt=zyb()v t\nsȤjNc8J҉8h*1N݃/I!~{P2|7ST;h!~{Q3`Sy>c\r\08QTǓh!|0snƐ7q4FO4cPh銮&_=Oҁ|gx8yKg\"z]byOSמcw_-\0?_Q@wdujvI?ʡ94  zx=TY %5p;${S~yRH`Dx\0uԎ~\\tX@ҫu=L@pM!<TEjFZI?M\'M9>< $$\0*$sީBg=jf*}6@C.[;sמ͞1RKe\0\n?z\0\n`5+)C\0#@y9jHO_zaN戸 4} M5luzY\n\"=jx۾U.8 MhT.N~~ƥ\rvG!$8\043*L\\n$g⁏p?DT$ԤzT%=H$Aj>a֪ 瓊z\0k3<T\02ǯjssޠ׷8}ˑh@W?Ld`Lz@C8Hܖ`=\r+¤zog`ze7/ZV\nkӚ\0RޔEQԱ<\\Z*\'T4TGҝtISoҥF	Ebzt#</\"Z~LBxCp@^*e#\0ffW8b9	=ǭFb{OoA֟t8@;tj錽=azQ`JG+\Z=/P1E磰qqi\0\riRWd,*ťZ@#jcx@\05f=$qV\\)`U])S.`)jEpOjUM9%GN,=i۳vȠs/J8>g4\\.SK|⛕zabi3:biEFX#?F<|Ӝgm>Jn	DҔH}j\0@9q=A#J\0_3#9Lh<}E\0FI晃HH8N;xZ9dBZ\nuSÿA>Xǎccj0O\0P9SrGJq@7N)Bzi$P2 SI@vqץHc>>b;`SQSmHWA\n8=x1ҧqׁQzrxLl*vN\rDR\"ǭ&鞵&i\0GS߰\n\ZC\0B}F594^Ju*pmP\" w4NPzq@`>4@)FE\0g\0AN\08:b\0сczOJ@4w!*{9)qژ\r9?kQ4\0Pߚێjn;`j9jY	=*9=21HC`Ps5ɠCu,?#R tQ#L HݿJ	bmZg8ٟ©ʻxV\n1@J̓\0dy{Գ?Pn|76Ӏ;U68$tvЁ|u>N9\"A<Ӟ6s#3RJ1=Ej\n䎝\rLBʐA\n0OztrjnW#FP:PrF\08\0=nx0+vȨ<(4rFOj@[HӚcR.NH)ᾕ<C:rAr*HՀHe\\b;֦\nuGjD?7_Zb\Z(*RFhW`\0821UC8]C04SXSqO֬G&iHt==sVXI@D{`?>*ߞZ{P^*07^:Ty,ˀ3֤`fƸlu\0\n\0EM\"j)?<Pp:T1NJ?J\0#ƤG$;`*/5q@~5F᳎ef#9Uޘ@9槌{]Ax?z.lHcy_~J!8{=3ԋy4aS1PүqJQq?Zei>@ZwW\"MS7Lڢ{a6;ɓ8):\"mL&yɪpǱ*h>V\"/2?:_υiD	48\'\'.d\\/<\09E޳RHy\0G>Թށ8azd׵3M2t9\"Ã@B)\04zxu8 )	\0<SH=*R:\0Z@C\0=@8b@##H4=*oMǶ)Fy9 \ZGA,3\0cQMP9Όۚn} +޾4g}9{SI4{zP!00O~)\0\'0ғQ\0#w04QǠg<RnSsG\0zPO3vxx~c*{ѻ\0Mw@oLUo34L>h(n\0*n:{TH	unsFyҀ&_=*1K4\r>Θ\rc59Q;qC^j=8T\Zi=ңf?ҚOS\'5c߽)#=z8\0s<Oc{*84\0S\r)L=2hϥF{ӏzi@@P\\bS\r֮ށ G2dõO+00P)\r 8)\r]F9U%\n3O$49pʮx5FF{zԒ|*-nIr6ڹ89U\\UD5sc`O9  E\'$\\xփ8Ƿn1#\00F8O լ.g`Ui 9(aR>sQǞ;nx㚑)2`cڦ2ar94ݎrFiHXu^÷C@\nI#y㨨v\'< 1TD%*cB8sg\'\rH\09Tq&6ۑާ(st&SPH񡣏 >>*9\0R?:s2eRI$l(M4NAZZp{/I4,zqb8\nSqɩP[jp)+*)#dD[7)Z ܆\0D *r.qT+}\0e:Uwp[oJdMڜX\nʹVvn?Vw7SO\0[%=jgҥIcK#ˑ#H=j㍴䝉d4&9Ҝ&8	#O$bRzKq$A3L$i24TN) ?&YPq\ZcP:ԈU2(7zT#l^I)A9}i\Z r@Hrzԉ:\"EO޴K.+}TY.pWv)Cu\0c29ݗح@qx:+(<IJy<JkZ\\f%/\\j^FiYWkqc\\[#:ܩ<VW02))S\0\Z@o,{v5}dQ@t:N9XkN*tR3Pn>In\0z$$ĈG_ʗx#`8뎔ӿ)lzgښQM,}\r)89HB搞=3I~Z@.}(<{b[=siwˌ\Z7\'ZC=)w49&\0M.=\ZL.x&8ـ4r=:TEG~EHB_Mx sP\'>4y4I\'F=i6:)j_XqL	KOpy5 ހ}G8s)_)BqMT}I:y⍼q]ց>NziB]\n@ O=qZOƀ\"n}*`qL`}( SW\0{q@Q0LǞ	<P\"&ڣ#T\0cPyH9L\'POƝ4Ҁl9毬A|Lyeby5v4|Ɍ\0l A>_sP2Tg^r{J!{f\'Ɓ3隺%\rp1Q5mᛠѢ^g>~;188튱 1\"}hXgafeler\rQhf8Jj\0c|j\rmV;HB&=Tj=ӧ(4(r3\ZIe->jH@,8#\0+ĭ?yZDFHiTz6P\rI\"PbGF(N}j3L\"Fe\';MNȀdfa\ZsR1ʬR?*(zTλF;\ZhB퍹@|3fG\\T\0Y*3?jvpj#ހ`=Oϳ˲w]2Nz\ZlՁ>@G&|ըntY0>nW2D9iV\'<MdKx:N{e0~X^,tL\01W[iZIqlsHXq}*(sҩ`ML[\0+TQjv5Oր(5mPk?|=}-+{t3@i\Z~u;Fj&b8\"sVDG5GUc\n1Ҁ$?E UCϥ5LBGt30*YrSnXuS-n{L.~=q aG)@\r#VBEUv1OY<%1y$zS^:Tle\'4aE<ƨ퐀YC.=)7>#RE	j3 f$?ʝH>X@zFrsC@H=)iQ3bc(*\\=B/WtJx O[=\0\nFa#Ҥ2)*\0<|T2Boq E\0V1<Ռ7\'mnxUvw;Pry*ڲ^*du,1xnV+)-]#UvE=?\nR3L3Jh(nDJ\0rLT˨Q5*V\'HO#ewONi[N9O=\Zi`\0:3Ir=sJsLɎ\0\'%?\Zp\04ǠQv\'\' \'Ff<lg5\0h+J:֣2rHBw\n\Z\0,ǑG\'.	Jys5#ۥDܜ穦1ȨS7ldgHCO&qHi#(i\0ޜ8C@LqH@c@J8~\'=ӊp٠\Zx=9ށAHt0A#\0.N)q}8g\0\n@A<qڔ4(nzJvF=43ځ\'8\'<8~\Z\0P1MJ{PLx׵DZ{}֣lC	#ӛ#5z\0늌iҚp1Z\0i\ncc)4$SVq|\"\"[U%0үG\"nH#ހ+<:|s֭qR1UcT\0U}\'Jж+@U&f1p6\0;nAi960i<֠ ,\'<(CVRs#^HMG@$(##䓎*M2d3gM4Yۡ`S\"0	qO*FsW0iWlIUYKqdqWC.#\'54h2S ҘIzj)#vܠ	Tx88,.7;clNSI5)rq}(ف*xaU(IT&fڟzP2P\0>Q8@5>4fU4ƃs)bqh0T΃z~O|@~*sA#(:~T\n:):%ĄAaS3۠F.aFGJ@ZFv?G$NsЗ\nWjS0+mS\\ghңDԁFZ`i$j=4׷CsUaf?[`켐z\09`1KDf9{T+nc=(J9)Y^RK`Ʈyi34MJSqV\Z,sQN\0M>F||HPF}q21@ɟb 295qU#8P5\0cHSev=*w}0xY}iv=*gP\0銐wc\'n =M0%2Sd?|zS\rOqHEBx*O0檭z58Pց+\0ӟSMz\0gl	82>rpZ\0cy )dڬ&*N#1\n)aU7R6pp1NK8<P2_q}84هqPƀ,\rלRR{U0I<tbҀ&\Zx&e(1}*3j	<ց$҉xZ*uH^ݰҥ%	3֓j1qsNww|S@H.ր!c.}SUSu# zrfhc,Ȧ=cC=o2pW}G\nO#ڭy`튬Pzq@{m\'D=A$T#?0bX]OQLC]ML&)^4	{P98#1#P\"ҏ6H\"g58Iaځ촆1;Uq)*Ii.dG8Prz~a\\Mf\'9+Tʜ{VYv̃Jf\'m#\Z@Bwj\\~\".O^Fy)1JpQq@^cNzbF1iAd~uA)4\0RZg4\0\'<Ss1SM u1`qzsc	\"O#c57|`\"6#oҠb9RP8(\'j3&Ρbc@Mx\Z@0w)LjgO$4ր-\";uhG)\ZĞ0k1%p?JN8J\0_%z|ќjX[aO1M\"[UٸzX1Gp*;UQjm\08gTn8lbII9h4i@l@YwZ3z:aU\0Zx\0ց8b;G,9#{&d\05%,$@;U\"F9bN*{qPIrAWʚ\0pH ^j01E|w\0jxKrɂ6\'+lNXTs[39},O$^=)i-ݾL1EG s:!GR秵TI=\"rm@Edv6K.֑QU2@(AXUF2~֡vRʠcHmʧ8V_֙eU$1Q vlH\"$`ZzV;N(?57rYR3[#^ Dy\'hXcc\0:sި?.dմ\\0;og@<MAޝ,mʂvZ|KqbQrǿXL-֮3ހ\'q\0=*lszw*fK/}ç\0*\\ƹ\n:՘2!fFxqҭC\"< dJ3q1\n#Na݌Gj\0.&ϽZY+Rݻ?=.\nT\0㑗۞\rU6?Ү%?!16Y\nձo9U_M0}3ǥ\0j\0QD\n	䐁SI0FCѡAϭS6	4y2+`iiP$j01YVc0+\r֤6p3O6NAQۭ9vһ\\*}i\"d\n{fe>բNziuAG\'[jT4Vҁmw0E)>Mpr7S)TU,rO֧I\\Ҁ&s[ɨ22O5;@Ԝ)`l0Zm[㊑#\0\'@=܍BnG\0}{UAM;R%l=L%g^9%sIF#;%=lHz0pPJ$|\Z$#[_m*Ozrz\nl))ǽ\0=!	)SRfY\\rh*6HzTml[&1at#BՈ^i۲NGր-I**7J)\n{UyS	Î*&/\\gրǜ0ޘ</Qy)Vu8\0N.d\\d4.zsPjx\r`R1@\nczf6T>ޤ[n3MBW^\0Og`+8\"u#)ߦh@K2TܳdۥSKxFL\0YN9l޲VazTrǮAEGQm>=}(fSך+خNHP\'O\"3Zxkw23Ry11X[lw(k@NG33R;Ƴ<\0,Mjڕw*E5=hi>z҃Q+uJd4L͟~}M8*(NbcP\0q@qjs~s\0J\\})]zۯ@HݳނI8*6j\0V=E0x;Iɡ\03(>b,$Q2˅>E y\'lP4Ã\Zhnm\"-\0C\Z[0cc[;6c$ը\ZTs!V^\\[gq!\n:\0fmVcFLG\n2z3as@H:qTLR8+Z+(b@}0(S\"y\\>SrYI\n}#t\nUp;\n\0x!v8`O\\Ry\0o2S#YU*7HaQ8A;jJcNbFHFXC)Ȥ9!\Z̪-Idb1hy$AMˏCU ơVLI$ta?t׸wأsL7H9VپU`CbQweր;b,*ؕ2@\nBǘUq֐R0%Qps5~I9$|zoWb5b91#WLW^1U@00EK*!@ryl?ZXһD?{b9Krq,oʬܤVQІ֦A)@,Osm\0\\0lQrQ5oG_>]؏Nԋ~xЏJX(·m\'^jӸ#` 1M(\n ~eFkK1\'cHKj<1Üz^u7NO	\'9ʝ=Hnj5g w&I \"<bZ6\Z{P|{w;uoP6Wc_j2duqXs/M3ܑ׵\0Xx#5{bfdcUV\np2x\0[[UJҧ[<g<sYնxV.zu,0Q?ʠkGS=:UDG>[DA9@L`ӊl)\rO6\n_a/#0$s#/@	=3ڪ42|wU sAeZ\0 *(##Кqǖf\0)H\0^ƶj50`1l\0\')n#᱑Tvp+$} 4F1 PBTAWmdeH>n>ALkFvqM6#=1mYA@$gGc֡#БSm	~N	p=Bf\'\'U[\0ia^z	3f3vR4+\ZhBَs)gqXRAk<||\Z@1!n>B0@P=/D.[$G0-)hǂ*$/,O>gր\'*w9u=FM܌bMqIF?|hhU0\ZS*?Rf?jhV=zx]ݽi{Jx(yjNzzq@Tl@(-jX同\'dz΅mldߒGj[zT	8#Hc@<hÆ>nOʪGҠ{cހ,(#ҙU<gPȩVC 8ր-3\Z27qT\'r}j!\n\0>[J\n2F3Uy<Տ,:&w\ZCHm@ˢ[8rA^ų;ޤ[MM<?ҙp.CQ`cD.T\0!I;u	>zԞnUX<dS)8HN2:k|H@^nƔHA+jxBp}iVr8DeLx|B.\'g PiCu 穤~Q0X/ۚC*28\nlT,V$oUgَ:񊉎:vmk݁\nǜ,a`A櫺J@D_v4@Lo\0\n<\niҐF0qI\04uۥ0&c\n]GGȅW=V6Invcΰ8\0߳ŏ\\leZީh?2It{+`{7i>WroJech1^$nG(\04;6~71V$V	]MevL\nE<\'\\WmΣցIjep9=$Tyr#BKv7Ts\0*3xub\r76*푓Q(<Y]Eđޚq4O.]80JHg*4)dۥY~[ܩ IldňCiC.8Is֠P#N	BPKUhLukJ.IU<֥(J͸{\ZnR~h?My]sP=jgI\"HF:R{6ݣSSbszn5rl}²̮ڜ 5OXn{{ddA\"ӽj(qK}9-۫3Q9j.!^[h\'}\Z\rq,; Њ;>ڥWqr}*8mR?)ߣp}~Mh9f$T)?3kQL<czb1p(rIٲ*,gFǥD6;HR6)=lnaƢ7tUuMyOUmA\0ՉBM_)Vs_LNxNK<{3ObQqޣevQ2uU\'QM(n~Ҙ6&z	*\\0qYA1)$;SDM@x*qLpx=6v<\ZĝJC@Fb\0S\0\n}9S;hݹ(0qa8^أT6:犕Xl#(ĩ֛ɀBV;sߨ$;L{hP#=M]ѻ5X&V-)VK{b\'h~}vrd4,9%nGz\0l|ƞ\0CvYť31+c}i#Uh$/uPr۽ijjmGq>o -$?QQrBwv#]ſ!R;#ޘ亝iX6@BT`zw-oqHcC\0ҝ$LO8ޜn.qр!@Iڀ+w\\^}PpG5q16ځN;L$.1gFR6`wy#1?.O^)Gz\0X61zzҋXdH{.>UX]8?7<wEb@~uց\"[dt&G4p\'֚v#}hkef\'8wL5*0ǭ*܂9u9緽(p7`RrU$ir{\nF1#F\0I<@I#H}s[a`6ȨŲ}Ͻb#Dֿ}2EOC恕ͫq)i\\2c5Uc2؎sha=$t\0\Z\rǩR}`=IL`sz@e\rA4.\01\']vhDL`3>槍[4\0ADץʁR(y3=Wۊ\0QvxIiGBL5(UE*3ԋ$^\0sZkG0G+1Ӛ?\'\n	b])pv@\"3\0ϥ&SUָ*2L	|#?SF r^G\0YAzS|*)/N܌)gf)C?\\Ct*r[\0l#F4b#)!޳|yQiqvlds#cҙ!\\S\0y8ijU<jF \nV>>J\0Q<Se~qj#f>GWv\0JBFv+wkv k0(C`~5U3z\"q4qG4h?5!Rimk<`SFq 3XM<#=Aͯ?)zs@8iJ`q+ڀ\"M^[vf\\eWެ\"T\0Z!x?M&ޚm\"%s<SVh	&*7\0zPlt5vtSk!9`jng9*[`G=R]\0 gdx.pvaܚ%i%R]2q@\n&h\"V_jh$EauT#.4;F8SS<krYwYvC1\\Tg&6\rq804tfMX\\.r8쬡NqHeezж2,P<64eHR#\'IPI\nŹY\n{s4e!Xnd>Wu[\nB׿IPa0 XҮj`h@o=չpPv\0d\ZK\"OC<+)c03dsyNUb`;l3[:ȯH *C C;qHf\ZEW\0\n,6̜Y۸#psЅh$::0\"kB@2(ۓQ5{eoBd~ơK)|1Y<dR 9n$||N0\"*i`B9\0sKzFH#\0\0+IdIX0{m2ۀd֘\'A>b+rPJx@pyĕyM7 U_\0YNqMkhY\01*q_ǜR4GgL\0Y!p=!KoҨ4I>΃t\0m+GX	e ܅Cp}cGx-bݾ@ހ$`au;H$TQB?wnZ$C$E ӘQ[<n\0xJZ;isUGnK@4(S28Dd Z,2QM(CL5<~kV{3\'0UF)7^#\0Mfbǜ緥G,)U;Hu+o)|9_=\0@223q`sJ2)˫N:R=6=4#P2\"2z{vqݫ<\\HIrzdؐG-b5r3jRJ1=x\nHrPX \'@xyaLf&Vp\'z&G~jH/:`Xyg\\qj\n\0FB($r?\0f4mG\'M\0Br7px#iE=:-o@yHl;2\nNis:\0#=\rDc9$uV	U m)r=\r/3EAqO[i9b\0y7c>⣓Rٔ@\n?T\0)x#\ZS\r\"K`.{\Z\0URn8?w\0rZf\\`O$`bzU$\0{\Z	#zP3NYd,0r9{m#>)2ٽ=Ж2@A\\0{pRGE҄m|8\0LFΤ^<j]<u{R#>б<Hn\'$}[z7i<`@l2LjNEB7iы.spq(ciRFl~mldWQ\nOaP.2=\n`OS7[q\0 Tv2rÎ?c`1Ǩ4ᇫ3Tnю20jhgڬ2;J9Rk4nNۜ4nKSqqȨ\rL{f1u}:ka4Ay#=O?\\TMhW,9-0ܸn42)RI,n=\0?:B3Z\0&m>ў]x+LB(\'LS98\0*6{ՅL/ qޣ{\0֡i\0u5<dQ+cj/|3UzPP ]*g?0+)\0]qR4_n=hZv\\Ԝ*3g!#ߎ9bqPs)#=:8sE\'iG~ԥS>1>=0#bIfpG;5+<kyܠdbIOeg敘/A t=/go+D88JNA$)u@wn4cd$I8nG1Qվsj1;ZNyϥ\0NcHM0ZѸ9I*s\0jRNC\0&FhP0Nj^H8m,` >LvO1{dS\0%hOt=ׂ%m0ډ%KLi&y1J8BEYEAb\0LyjiH=xFWtQ\ZJO\0?O\"nLT>S5>+΍T:%(Y<\"YI#luiztnA&0FGT(*Pj$o\r$XMǿHM돧J\0q$ySiS&>[jZH:ILFJHe<(QA<*JI]W8#Fi{u\'\"muz9R9\r;%R@m`Ĵ2aH[zgqD1xt\0<=jRg4-HS\"iHWJM\Z@jlm\';\0533\\Abtޝ䙛bdcgt&\'iMʎ,V*R@4yl:[<UKTp|p4\\b!~J<D\'o dZ1H\\fs\0)dZ-TfYA{yH<zEZݷ`pYz\r~+Bk{fa\"J\0\ZKwlц? v+\"\\ccoK`!npjEe6+rГǧ3Jwu@Mıey=G0[>33jėtʰ#;TM2WH)F;X5?\ZnxZlqVcc\"\0m8ޚHܑ2Ơchȋ#NG#-o!UF\'y*,\\X\"m@ȩ)܂ݏd*X`Gڊsq@\Zuv}*^WцQ9)mt\'c6bx6z_\\_SĤH<82l2ȂXS-\0Ȯzx\0T|:\ZX\"0svT:X\\#6vy&>=+K{!d_ZqM\"wG(E`	=֯$^ReS!Ԍ\rB,Kpt#ԁdeU*7!?\nh&\\bq?&]Jz)$/dgk!SoZZ̐OnG`IQمev]9c4Ͻ\0j>]1,6FzWrFNpxճf%U̴(\"UYXpcLmGsHJکv!qMF+pT	mpé?R\0@E}ꯒY6!	U*7n3i!P<|N2O5U]XCC0\r\"=}<VϥMHrɾv eFQ>a6\nC1R>B[5\":T(h̭8ϸ9ܽ	+?fo\0A<Sb@9V#*H\rN7@Hqy0K8#h\0<>0ۀ~/qȮ1#OCTDjoǀ={R¤I)kH2\Z2\nW!Uʧ\'\0]2D҄NGcK>9rBUSN:9c`WV!BڅîgTzaVRQcHԥaSyr8YPT}HtUG@\ro2Pz}@XS^u1ǜvq4x5\0gaE2r+AYU\n?w\06ٔc c\\)az\0צg8`3owA\'ڞ$0Ƙ2pI`~8X:̇h \0CoUUVv\'thya\n@$߯\ZFzt\rgoqr3R@ɍT\"ke0o\\SJ;\\LrT&\0Mh*{})VTv*_K$.\0c$>$Q>XL<{Ur>v\'[vw\'Ҥ[Xӎ)#8<rz\Z_lW\0`00x8Ǩh\'ddu\0P(ÞEI\Z\'z\0XvTOuŷq\0yYpGҘ`\r\\r̬I=vv}sҞl#C$Tlݚ}w=({=bF\0ṠJ+ǽ1ۨSϿk\nwo?1e<aԦbQsJ$\09f<<TFg߹N;3b>\07\\6_Zz?)P)Z?,p\"BG&ԙ8,zѐy?΂Lb<}AX`cƛӭ8ȥc<c5#1H(Biʣ9<10n(g\0֫9搜pi|lқ҅\0S\ZP)*91B-f^*{!`TJ\nabroj\0Dܚ<mlzFV~T0[IQ^\0X~RIP;jځ=ILpp1ݣ=l˸*{tZ)A@\\!SҢn,|UxuJ;<=\09	ܹ?xR)o \\0g&9CZ`_Jk[L1A-jow$ar6\0gj4YT\ZXOIce6JN@=\0ZHcVǑ@\n|\\<RI:WL#ǴցOҦNN;\nJ͓A+YFB?n8\0ZŐ,d~-[wqRyr~xegceOKm{		\"#\0dh9PuXƸU廒bF	$dT <94oVZS~{QXHqn\nLw-<?0.$eۜ2=O֣[ϳ5WMw\n\0Hz1#*P8\0?\Z.jJ2iVhp	8c5ZXZ7d|q-%1odln(rb0$;*rJDs1_-ƤDpt˛h\ZÖx/bcS$@Z%ymndG3i\0\0)R4pwc8\r\0I0woJdS[,s@g/#ך*-f${\0#LC	\'Ebp{7D,%o;<MOji{\0:]A< # ^	΁}L\0 UKG0\0\0Ҩˇ^\0\0\Zhb0\\$~\\P#P+.LrcO\0W<ƒ>r	SF-AВ1V`G =\0\Z{33(T9 ֘slʩt?D.uxbe ?-PF?\0ZGi[Y><ޤYϐ,^ZK&7#V|Od`>Q?\06vpHw)T)ehoIb{nGO^d܁|UF6NZ`Rq{30\'\nM39m7sjK{T_6uOr\0̬6p볝ě2w	#[`::cfJ`g$H&ӱ1MR{G8hXq d4;rT\0-rFT4RgA\"u;.cg8\"@A%:I.w@}Ùi}UʱaGS֫i\Z,oͼ9)ʪ$ʀs\0kᵛ,R:2\"qK)99Z`c9$s&\Z)F\07ZHYq Y;hlh}\0O2hwfbTZC$}ZǯV7R:*1s↷Q\nH8_,穩&)<B@?\"3ϊ=n\\X\0NP]ߺ}m%i|WR30Uzz#6N.\"\0mC.20Iwh>Ӣ	2z}i&r#z@2Bmjc6YW^r%H331C5K6sNo(B9hU(޿2#4n*2,/bI T2GH(Sz})diHO?)\0ܐNKiWp\0xz<}_]\'ʗ.$cq\n`[R0FPrˏ3=6\ndjuxBG\\$z ,k8eTmwh\Z(dVp9T9Sǿ^F\\eFrO@\"c璧#G@{3#	~r2SW܊K-c\':EB&y~tn+	{{W[G94W`a\'\0Rˇva`ާK2<,~uvS\0KP(\0@TʫބPwnAȨYC?HiTyFe!=N=H&*	5t1L)$d~WRM@ DANOn	aqP=۾&sNLnu!0}E0!I\0\nxϡTd|	SP{o8ʷҪ>۰}sM /Ƭrz=h9FA\rCY)|s\0,G9Rx?_JK\\~c摙#i\Z\0pFF>z0K\06$R޹.yf1 -w;?\Z3\ZmV9Sʎ=E( GZpՁA^ry[(m=qѾ\"6ێLdCt\nF}t@@CW@-}z(\':~Mk\0`;@Ue\\`zsKI P$3b\\q__Oj\0Aq@3<cDfc$\0\0a \'xri3OJJnI#}w\"{Z9$`qAkeqN~0s׏_JlX\0+OCɩ):?P\"=Kr8Rmӟj<ˏPDn9\"1;[q\0R	a[=*Bpz~u>P(gL\0=D$R{trG4&	M,\0럥5$qa=zS]4N.IhwPT:\nis\0*LMEmp-/T=3R(aLPݙ*fqq4pY\0sQi&+:`PIR@S?)$q呌ZNPqFxgp*XHs=-#t0UYn표,=h\\QK\'W,7}lo$ăɰ׭$Dr0&.%W.$ Trl,vj(ȲPmS^ZTŹ1d푺ƻ\0#-NO@j~Ϧs8?cS\0X1#423Ҝ23[MWUѣ+g;zZܓ¹psWG\\~x7nzBf\"46NGNJiH	9\0=afӉ`e9rz̂9c\0aIpI&1\Z\0Њ\"NlF7qE#Pp\0X9\0<N\0(LLLyx?TR6IqyZ(kK9hIM,qp)+Ŏ9l\0*&*F\0Io+3iF3#\'-r܁d\nnv]6)\rTH[Hs͐3WRVY||瞄41ͻ}Lt\n;k6_Ch\\[:\ro8i#_\0]Ml,$eGe\'ʮ(?5)3򨤒`l\Z-cƍhʄ%2\'#?4Su,*%7ŀ0}GS3gɼ+qTym7&kz\Z`WVQA,qMkYP4m)U*Vd{71Vn</qΑg}mpq wHc3Y?w#(Vo0)FF1{UBfT?/lC3yK6-ui$jZ\"Qv;0\0}02}>qUDvCsN(Of7c֤нٕ\"H&V <wY8#?)\\[\0@\ZldnvpۏʢOm!gyQI8]۸`x;zsWJDX/|R/7q\0\0ed1$\0Ka?5nKEkMlnnI5;o;;ϧ)F;zass|ȵ,{\Zl6Mo<j	mzS\n6?O4*o;Ėo.b\0)p:Q%tm}<yFuNWqv7LΚȃnNG\0UU^0qgCxfX7+;U~ɰdQΠ\ZEo,[8-FdYHqZJOoK]WWh¨-e\\#_-A=V~֥M\\5=GozI\rK$o>{yn=9EL|1Q17(1e6Qn{RۢALH#Vr}\0lKuβotFȕ?4XKS><G8\r?AM\rʆ7\0fPOI1v][=iM#\'IZ\'BaiՒc}\r>H\0Y_e*Gl)t{FF\r16Ǩ!G4-%y*FR@$zȦ.O\'\'Gk䔗p`6gyLn|D	8|b	nfdڜ<w2\"yq2t\0z`QE&5IO?Ze\"θɞ*R[_O4mSN=T\Z{d9`?*VuX;HOhi`vG˞LnQM\ZvGeM=Y9.bt;{⛘cbDjpI@K+Q_\nw)FG<%#MTmBu&~ɨyyenzc\0PmwH1[ޛ FGz*LO݂E\0/sxVUR8x\0Nfo2^7-ʯU=\rQxLxV=)dpUe hxy\n%B8OY78Pq+QT>HrFl;~N(.Q|pWP{9sf毆75:ơ0#`6?,r\n!NW둚.g>gl`<p,$lz fSyPIRhѕf|`ښmXʡew\rwC6\06?z/cCnOVE1:}rj0 y8^H¹;\ZyV#zcr\051	ncJv887z\Z;x	`qAZavCCC%Jgwd=E<XRq\nBfJ}čo&3EU[1)3EQP2F\nƘ%;TJ}=EgLLҒ\'/1\Z,x2\nxou=2K\\Uew]PRa1nƐ_~gFvҘ\\Hв(b@pA\'\n\0N Iʅ\0C1wf%I?F􈛻:Ƨ?(8#\02(2yd\0=}R,hT)\0.~} +b	I*_-X_95pÐ\rD$x*%O\0F`>ښa!{\0IjgH?wކ9@]p\'\00\"XAHw+|\0}1S5O#o#\\	J)vBrGܸ H0Ul8= %q(\"pOu\'5.#~?P <6}\0昉)r\0?ƃ3F/dT\n@y#R;s9r=EDAcsZyd}Niӊ3r\0SK:􀌂FyhslPsOj\0a%-G擃*O.%I&%\0\'m\0!RH=\0#i	#&==(RޛM7#w0FG7hZw~Òz(u8y)\068dqpǭ-aS)vĹ<-Y5Ipgn8D¿`^woO[gXA`gD86,\\YLXeȢ|ز%ovGvfO.\0_0M9Ȟ`XG\\of2	pW\Z>I#OwC3Fu	Lh\n09m7ڥ,q$EA~fw$klriՈ[3af>GqWDmcH#Vo@?vu4\\Lm?\n\Z|&3_N2co~)rNK~sKOsц~y\'RGQm1?Ҁ Hm+0g~D!\\\Z9b}*[o0<y18<sW|9$eH\nc{k9!I\"sJ+%L#&k}j>2g餞;s$rlA@\n,0v\0y:U\"X 0îy#Zo.742RwGZpws=H~\nztсHXl~bFT(>UM\\f<͕?18nLN͵scUuUlRJ}2M*xg؎?HeĽ!\ZrnpzH1䰒ˌTRHz#EKoj\Zȗ̂VMɕBėVmE\0qp(\Z4p\"十?^1Ŕ|9q \\BqU&[w 1N*\0Z@DB0PO;YmpFGJ#gcEf4XEѾLN\01Dn&9] n[oe}5loqyLi\rkE9KDE%~Ilӣ{ˢL˟s\n3Mu-$)H[Nd\n D@G6@?\0)BoM#\'SNdX97\0խyz\\/\nk$n-\0SQp2x$z5i\"ز{d7|zGm}#[ܞFcp+~xKR\ZCYw\ny\niZ*\\L\"VM8uZQ ʉ Ө\\cS	eFsRǏ@`:wޥ;ysRb3JTdIQi!OXks~3VmFϴ\03SDj$fS!xT\rđ/Em5kɳyn#%$\\!\n$SЌ@$,\0s2 A?J-i:096;d6B5\Z`\03@x70rBd$;fs%=L I\0),MM]r87Mu\0pf\0?Q@^[GjNT\0!W#<㔌\ZUs6	6\Z!YbϳQMZ4E*[zQ$)$G/sj\r,,Gű͹=WR=qo	2]L=)G3JN9ʖKZIoo?G6\"y˹G(\n\0c4V-e|Rl#qG\\<%G}d`Z]4\\2m,12MJ#|P}@bVrHϔ>WZݹǡxd@\ZoG87k96;sM\r+۟\"OYBpX~5`<M\'	\\M0y.zzPv;`*F{\0֧n;;aJ\"0L_i̱]T]jHD-J}1hݖvؑ}nK-#V\0#C(&?Tׁ%4>\n/>Ƙ\'!aL흊ހ//?h.]UdcI+!gi۬{Eɩ1LQ($elN䟧\nNfCzstH_4#QL;Wm\rLOWgKDW9<uXoqk<О\Z(cEda4fP1\"ۻsR?\Z-bpZ>YgOU\'֮I	aP2d]\\0{z};ios*y;L\0E_Dv\0Sc2!1*b;󚔟fhs\"OҚ63Z\0XO\0[ց)c/*Gf34Xٷ<;aH5;6Tr\nnX-&7Ąq@{YnW@c.S\0춤Wmd&Y$d?\0*c+p(s9B	PJ Hb$-\Z(%K+c!#4eGͲ_CT\"e$;UEö\Zm\0<\0]b,<Վq$pJk2XLY <9GE#G/,`G2fAR_gB9*O$\01W#좭4xDvB/\ZD\\F.͘ч\0WWzuJn] }>QSGgD\0-7*\Z朶wxG?@\r,Csnj&g2ln2m>juR\";*~t9-zn\n;Ra}\r\0Ve3#\"&P\Z?z٧c~Yb\Z@VA7~@xtpc5<eCe޶F;P0WxK6Y >@c\0JcPcw+Ӿ\'$F<p鹇MFi#Րz5^[mUn8mE0.9\"_Ĉ{\nGG/]{z(l|60\0@#l<Oy<g`7HK(.À[sc(N0\02G 6FB\r\02i3U8Ď}L0Hʱ\0!`S7QCJ~\0:Gtʀy\0e*db@7%~N3P!Eb0QؓVz)1J,P̬@bx?+hoNM<?ŝ0Y[>Kq&&HB!}\rWt?|4V1+c\0v4WiS `],T}ǡ#v1a?YT``G$`*oy8\0)Vlc{CXʀ6@=(U|GSQF3Blw1ʈ2#u }8[$@(1g*;n)7;u!=A>?֔6!X.x#p)uA=pfnMI0`@\0$R<Ѓiˮ}	$Rn\0q3\0zq\0\Z~rE@$n<I#qBq1AHGnұPcHqǽ d#n82\Zi@1Ҙ	׷=)N9<hNH;{@w?\rK\0\Zl}\0bk֪}_i{jX08*EP~ۼjTq3iw\'NOkY3:S<<P1%\Z<IQ!t#xYLvTY\\-tSVݴ<@fr[Ko$Nr\0=ēJЙ	#<¡_\0Zk(}HﴇHv`STS<G&\'S@\Z\\ڗ$oCsU>п`XVh>BF ZJ2y\\O*K!$7\"cNd~t0WӌAV6r6	=1Er	s1nqU\nX8fRt1FCs5n8uE7*?ҐY&;	!foUZ?[pjך\ZuU1ޞQVIs@$TU|ŉ?(@!\'ƧTνPͪP.\'t@\Z0۬7k!GXҠ\0]\02\0=k>MZiLNV5xÞ=ijz+I\"ҘFY$Q`z~_۽FxdlnLE-MU3W?ZvھYC\01sjF\'3Ϛ|\'T8HTb_G?|mh4!q(^Һ 5mPq~HY\rnO7\"\'夹qZ\rkc<kB\0sğ41@pi<}QwR?DvpAlAOS*&TEbowmn5\\ur湫{Ě*V֗.QxH7$	n3y;Hbwt)͏He?>!M[HN\n]FSJ޷1$\0~7^OxZvi\")&p槿ˀOsΖoo=DfdOƕJsM:Grgma\05e=*U`jw(s9SS17tʒx^3ѐƚb;W1Eq	8kx;UIZY+(gpUqX\rKTY/작ßy¼f;Km^c\r\\aSthW\rrE;ZuVť{FIfnGAUhncFǟVSUܱn.iC?u\ZEďTۗZҕL,E%\rA-v$cn\ZQO1* 9xl`r}Rbu/8U}tK0)Erw4,qz1VR|bXF!OP+7w6A шfG.yYP6Gq@r6Ēلlu=~?bF̍;wֈn\Z\"a[H\r>Ǡ\"0WqdqV3Fy\0(YDN\'\ZZokiGݩ{i*qy}\rZM66w2Ŷ5>h@h<#_^h&ucrnhd$BOb@]qTBk+۰ V\ro<z{HQ-Ĳƺ(kQ:?/|`\r\rǙ)m$챿]UV]vcBè!S0dZͅ-Sru힣e	,ru\rmeV2}\0=F(o_scd	\0BQ,GeݶI,:0<Qe)\0PK{t7	&CY\0JV|?~E(e2^@<qȑ??QU<=Zh-ٷn[\0}3VK]K<W0C/aMK>T!Gh輻6ӛ$&B?*]J:mܰ0WcR\0he>>ʗ*o?HfԀ{SZ;skO@X 4P\rI$~Psh\'YZEtS,rPXG8[Ǟ,)ibce3;œ6_ʐ\'6ovb°o$\0u^V\\1Ꮾ>UL$6\\nӮ\"ı4/:n8ۍ߼\'e^ v\nZCbBR>Xԋ3ȡVS YTTmFVq7O=rSKp-uu%rG@,H6>ޔ*@t%n2h?x4b	\\ZC-1b_6n\0}Y<R4wDF_8scϵ\",n)p,{1걦EH\rBXϘz_C3tOV,~QƸ.s\0P=IyKY\\U`E\nƲF86dݪ7u&gXV5uHG\"?8}eމhnJh@\\\'ޡxD\\l4$YHdHJ9^ҽ&k_6d1(>\\Cuih῎97TfdEEtN{7wQrD؀cs&4DRMڱC#(\0yO|T$bk<-2	lyP=C۱dr:e?\'QU̖EG&};m[]\0\0\".x.#5VP?r\ndBAU#NG<g==w8xPMi|&8fr6s=D05bYEbMLQP\"L6˝:Юy^6˒3bIABFE%\\wU#=s\0T0M^?cTh2 +KgAVg!3\0}?T9n?Fۿ؞ƀ)}L-\0G5eB%<$`7#L>/?$~d%n$<\Z\0V6grfOqH\0vyݪ>@Qr\'}E&eL`у\00\\>	I$g8Dp6=ݎYB6\07N*.%|	n%z4^ic\' w;7\'ŀp>h\0Tv2\r|D!HvzI,}@Ŀ;Lj6}; ?\\\r;D\ndv!TkrB$FŎhe2f@V}߼\0juE(Fc@u`6n*qT{7pSq#1juf	vm\nSjiUcD(y\\\0*\0?ANqUqdҤ>C1٧**\n>Qo)\0x礌Ԅ00LTjBnX=<?et^U4ZF#bXa3H&wʊ=)`/Sdrh9?)S}\r.NG֤yfܶs$(\"FVcxGHC9(ǟʞ;\\ʸ\";F\0*da{$dl3`2K0q*zu\0G҇dS*q\0(cMRQA\r!IݿP!VFxPt̅RKv$MGrsH*HI\\H-NP\Z&zgrHƎFzSIFF:\Z\0imN\Z8#.$jRg${H30:8r:\n\\\0W*@~CgO9!*1늰u<q9eS*+*UC3d<z{Lz`RVv\0~[^4f>h<*1\\ڀ\'K_&ks7ѹ?X6%Lj[uGsqrPH@ٳibWJ<4o_=Em>%܅=)3HEm921ةHc6 ɬ1 ~N㿡\0\n`hƛi&Nc1Vr\"`0,ݫ$NR@vэ6T:=\0NX70\'Ikieҵ,If%Q,,c2TCǱL*Ѻnr[#Pm\"->`\0\0\"uG6##<dR#[-I<546趶W7RWyO\"R\'[o:zW:F%D$~(<_LA\rD-v1㻔!-c Ó@z8$ׯA P\rҸr:GO\ni{Z-	.[錧Wco\n\"+h$#@jt;Ö<%I`vW=[2jGP0;/y{O^ޑъiEǤq8=x;W9Xņ#ϊﵻfZ@{?\0VW_Y773\\8!oo03?3x}Eqx\"64/gEH\028\0(\04qD,;sp+ԼGQo.\0r!V;VH67G>UWj*\rЄ1\\\Zs\r^asWX}ݷ=ڨ	0e^:b\0I$|ttRh@nۥؽ$1ysyF\nZ\Zt9V+yx?s\rPY6|U^zTA	\'+=v9%KAF+SQO-_f\0KF/Vʫār3x( v7Ծ]*1OrA+G<9!c\\Y0k70f	QtvJP;4+=爭K][\'a<xc\0Z5->}?Y|RHF^;\'4.\rꀣOq%k[W\0.u_-1<i=N0_\01,C\ZO:H45\0<\0\"Y^jv]ڎ9S\0<Qa@)VTW|D-([\rB0y.\'x+Ut=]TL^JiG^29`i^*е>ZLb@\0|\ZSpE;wfEjV6n!Y?/V-L3Ae>)~blT\rگ¬6mr:wr~C|?2M^8\0fKB\'\\]pxP_ok9тecls;_#A\0H}}ZFWK UČ¸}Wou\rg!}rP]X㹄FŴQ\0rMXq 8\no\Zwڷm\'XQKh\\q*u/Cz.WRFR˲[A!-\ZG~Vc#Ukmf&[v+,?h^6H#; fvd-t<Oьk]SP2ԩ&C0eK	v\0\Z˚pK(K\0Ajdwv<E{+WvG!=V!Rn-UT2gϸxķ\r+qsjXm)`uSbx@7}Fr\r,v08 P]];䵞x92NZfrW-9\\$v?L^GZ>l7M\"cЗ=uK..o\nǍÌ?t0\\,wܿ\0Ip}E\0^TE.o E%]u\0֢Lċi7(y77Dul=cYw7W,+3ʼĘmj}4PS7osiۋYbu\0J\0uԲ[XI!I#o2\'޼~cT\Z!徢?W)\'H;ᰒFx`?\ZŐ˨ʿI\0iG~?1LKˈcn\Z	i H<f\"j1`,,6q:jUb#c1\n&&x``>[O}r6FYK}HC=b+eW`R:T7۴.mYIdW3HBT zc\rdHwzvGOʙk\ZJڙ,aղ> xd\r#\rn;\0+dHs\"}HV\'փt0n_\n\0Z$loBmqSْKٱq\n0#([I#[?3?,ޕJ4.va8fM|̬	S5GZmA%aFMgo@%fSziHmG\nsou\n(u}M/un)	ʗdf\0J(Лʨ;e_qPudHiY^vrw{n<4ٞH|iGH\\Q΢sIxeī9s@cX\ZQ͘by~>	Ag}ꌗ\"V+=%?bs,q7ԆŽ}w9n-|oQ*M\0,Mdr1I$#Qv.\'Bd=Jl2I!S\'Id9GT3TqܤLu\'DF	,(!C\"\\I1@F7mr`2bVrEB1\\\"2F\0.;qVg޶J}\\枳b\\Hc2HA@ۖcHgiA硸*â sMqPeh$in,HG	巣\03@0D[4\rH~Oy\r;mmY{<>!\n\"Iۦ}de۔wڐ!H!|p	ޭdqo3-f\0a@e`syI F*sM\'Pjg~ rW}E,cd=\n4QG{p`t||=ޢYV5XP}0)7¨ߟC@dT̫+I&Bx>Dc*[pfOc0X_.ݛ@E{ˏrH\0hR 2E,lr1X4\\?.i$%b|\"qʰ;a&0R6qhK\ZivF{*$@|JǂJ3(縹UTI RqŚB.)Dx8a#dcKIg%?PV?%c	5n8ȏ<}4y_4$oh,pM&upd\0NIYHفNRaϸ4rP➰$\'(\rq\n.2)1\'?J@gqom\0>\'cv:pi8}i\\8\"Rr٦9`)cF\\Rf8>.)o?Z:H2}XBv0hIQ\nf	rH4\0pX{cH>`HqF:lRc\')4F ;,9J\0ib	8)wq)p;ʛ?w9s`?JTj9O4pnܶNh̳\"gSuYc$9>[bTӧZa9.\\ c)§[f{c*pAu>CF2:jԎ`Fr\ZU_MݰV9wlޫ@V#ZJ;oΛ%#D	y=\rY@\nr1OJd;f@<Rx#i`Ei%F\nN3ʥdD9j1e`\n8&/A/-;\nA<oΟk ⢊pKi &_l\0sxVac8k%J{\'$k,R*v#Yٛ-#RXJ\0nmBF=6*X+&\nPw`HM(  P3n=A<o(SO[9.fC\062AdyԤr^hYF9Fi͍?VwP&?.fiz)^~5>lӕ\\c8ͪA==iXw=\n➿p{?\0+oF\0Oկ3/+P<IT\\Ԟ\\b\"ȭxINr/oɠ1afI~,n9>r1OuhԊ#\rgwf_7ӑEr&QrЬldQz2H{8ff#QVQMA@ͨ3$\0k7reWO1?kPOk.w\"\0H>I7#;qT YH9Xzgm.!uu_]Y\Z6w犬eSbŏ1=Gl0}#kҁ6&P080:עxeִ#u$=U~ouUi=t,ןy-coS=ԒcELP;\r--$Ƹ>,\09RGIIr1@௩is<b4[O,pĊYvڪrMyOy6XhKm7\\C^ש\rB٥|>-⒓_ctvG{כ;<F1X#@TQ)b;Z&ݸL+O^ھu*!Ͼ]΁*{R^[[عE/4XTӡ#=pk3Pk6!\0-\05\ZM/_uiڕ_U<֠\'8?Rb.NS\05?B.4^\0-Ϛ\0?^̠T+J0`O\"9Ge\ZO\ZnlFO{N[!\0vI\0}.\rrZYC].ZV:whɁֺ{~!w-\0}.Q\\^i{]=g2ڟ5qE```>8+GRAޕ m7Rg]kC׏|V*:4!mi#&cj8	7? >b⾳o5={g)tO^mK4OTC+ӸXNeg[GtYQpkCA\ZexHVo\\&wt2^\r.iVCh$m+SN(09kuO	x\0\rPqyk\Z3@Qfs8FJEY[hs-?澏\0MK:wm@7*׊i\rF+\r:@errvc?3J1J\\^\\_mM\nQɵII&ޟ$\Z5/+\nbs7qzSKFmY\Z\"نE{Qp<3yw6p偌:E4-ݾXrx`X뒋4m)uXS1hi1ʆ\0L}=ϱk0g4Ԥ)&+h5l,:b%wz¨۵Ġq(]{LYyB˧l1ps BԭF=\'4y,otSum$n0B>&Itta܌\nqbЋי8$>p)!bZ4&O=N?1SìZ)\"u+Xbd{@Σx\0-3Mi..Q2:O /\\ܤLԋDw$%Cޫ-gPk{;u4FJdD~V8\"Hc\0R*VyaBگ䠵\'V\'*eJ2[9TmvHӛhoe|G: \0UGLf<?Ej\Z4Jm41I=F?)yV\rbNBC\0U9FgqpZ}NMK4h\0I9#8i_	}}%.i	X=pY!ySc%Է?D\0U#W(\0kGsfG?iHtELn,ŤE:4>۽\09cHD7_fcoVŊ\"ac58y۵u\0=i[pٳe\0?\06%pOFEUvbKYn=NnX!Wz\'A<-?O]ONA\"9g̾bLOl[#1OC\"p.S/-b0bگϧWWCpmmy7}((R )#\0-aq2us&0zwQE$f<Yġp$6?coM-*\0709<ǂ>G%7r>R7H=j\0GvZIh`v>c@|0Y>NqO\\N,p>j	~W2٪/f	?{v[#;IFb!Sj}Ɛ\nn^G\0Ldc) 5h!Ս!\\\0&\\+wzw)oxeF\02\\*~*Xٌȭc!OԱiLc%V\'~\'$3%t>dhcSyd\Z.XINO(C $#hAA`r`&~hϨغAe\"4Q\"s@/1?~ܫd50F\'z5m4]C4<`7¯\'r8b3GšVhA2H}MC0[r\rJ-\0͊Dkz4Ԁ%U1P?.Y*~iINC}m-J%{v7d=)aY\\l^Y;\0*?3@-=7}(>:{0G/˜ʏ)fgXǴ\0n\"~uN3B@ŊHgS\nj\0I1ըd?~Aȏ,G]6Hā/BST+6QP6@cn[U*\0<;fn>Keǜ7?~0yFe$d?H\\}i;x.$ݺT/\'QM9?\naғ9~rIU/9\n)fNZ<-Gq\0R\\ez\0f9Q3O/xG?F͒plw)c}HsOJ2\r\0)N~dgSTs_~ P)	H	x?hbNzҀ$c;*arAR̠z\Z\\<AUM+j<oHx#E\"lYPes)\0HNFY8jy\0&mShUcpzG\\Vlj*@U)eJ\0SO}:կImo͟Bhwǽ]7x9-ɑ}|#598~u\0Cd8ߥb~A^D\041^x]۹fdݕK]YlVU$⤵Y!\\#F`~u]ܳdR}LqG P3MT%93ztBˣo8&E#9\\2Rh3܊\rXaq!`U消HQgD\0=\0ϲwI\0ƿ>FrFV2zFp{t\n׫Pǹ(~GR9RȒ\\). F3Ȫ{F豟Ƨ./\"iX@ۚc6@Ci´eVP*\0)fX`f(0q?󠰏%G#m5p[]gG?oOU-Ŵ!ΘþԼWwa{+ox;J}`ݕ0쾟Z.3xܩi:%JV+l}۔<)1ڃKܜWimW	iw۟1?.7\0i?盝?SrnuM#cM\rNz.+jYsk.7*[2+q֯ubbM5{~uI::\0[~GֹkT/l.m>_q^qid=\"19/#9\ZvGwu\"M֗H\07}\\쓨1E=RH%۶QDX~#|[m Z!\0,G?>{Vyh@~\085\\Z\\YInコ!B?:\\s~,B6nsO˨GN(o+vO5ToiW~c,h\0\nq_<(&lG!/ֻ/@iRqMjbpycTH5OQ4aq\\ɇFѼa닛\rNFe\0k|0ޝ	,-_lq~^6j奣y\rWJ;kWd`Qᑆ?/`j\Z\0Huxj6##zu/]fn~\0O<΋%H%VKw1VW[u\0w	x\0x`֖\ZyfKU\ZٷSfwFI\Z9\"20AJùX]b5ۿMMM-&c-׋n6Ȫ돺iX\";Ȓz4lV<Wkm4J͕\r+Gs^fO>=ՓfOqZPŨ뚬bI&5	dGo@\0Koubo5kߢE\05^ݷ\"\"$l`*\nbvG;e:`:\0=ZvPG41ggP$\0ˁQi*cE.;	\0O$+\0Kי42QѼѢw$Տe19YkBU.9@Mx<V(uΐzð<=9:#$zdV\"HHݤ#>PZ2|mFdF+ws\0:@SKx$ok-d}dW$A\0WM_f)~eA1\n3ۊYf1Dp$Y9S#m>3>{?2s([yR?֨޿&C4G@J2g+5} #˝B҅8I>\0Ԣŷ{8\"uJګ1SQD$$hTiX,n=@:\Z[qXP?WV9@Q4\ZR3fo|?.}@˻i˝}\'iF^ܡ%?2Ps4nҘ鵶l/Zs:$[L@ӊ@YW6\"ѧ+$U=UaMd`I1=\"E;%\'J8ƷkTQ?2s@纑%支=fRy.V;XtSLn<\Z)F?x77)i\rma\nh\nbB{qhw9f{?ZS1hKI,X\04g\0R4A##J0Lp= *DkY\r4xIf(\nI\"\0ǚi$w|xa`)[hVq+7\0I+4.o\0HC*,Ι(w,NTIhL#G?6=sMeX@I071H:{~\0!eTI6u[\'ej(R\088tSAr71}&ئ|V1Agn=T\0kh#P>.w>o	~ÌٖP#6HO\0Z,J|g7jݙ%e9w\"8>4L*6Оy84t<ѣl3s ͎w!cXl?>uα#cHTVg>^܀H\"l$ѷF\0L.3@Vb_@xL}̪~y\0 V47`\rRyI?0vcxH\\boZa$aWe0źL26i\0/͎i照oHE=$2aC?SOݸ4{\0ID;\0>j/-aHG5!#N3Z7-3Ïl	S6#7+nϞ)v?Ҝ|]z|0Ā\0W1vVl?+R@68o(]7P d@zE,?jz!2>pa뱆@ICsW\'SA\0\0*k*[i )ђ	?SL\0Ac\0s?ʀA!L=$g gs^?4YñC$ŽHT\0VbN_t=)T;txQH\n2>͚`5>9$ьz\n⏭!9`N>y#v8?<1˅=)Xb\n\0BK`\nB\0#=JUgZN}(XŏL\'\'nLPcO1UxdV.#68a$Rsv4\0bީtWZ#CK<dҀ<@BbA61m\0]#2F)81T3=IҀ4do[s׽C$gL)bo39ңx\\IM\00;3Rn<$Rc.@T3 C;]GjplQw\09aQdUʓ8]rx$nɡP},/j@P}pR9p\0\ZmMjFJ\0wFmbۂXEQ+J	Ү\"o{R1pl[I!v3C)>\"(@;\nUI-`fR1;5n1\"<ȑn-mzذ*aQXtQ=K&cns#O\n\0ѹmZzU*k4HpFAjq34z`c	v3ͻS本TeQ[0;Z`u2T\0\Z\0ڌĒ }ilc0+5[` 4v+ǎS&731Sxk%dc^Yn@(r,ۼ3G3~v=QjQn\0zCƸ-*PSB)(*5dize\'Kkes>5\05l-:\'c~]+;\n\'stU1Pq9iXw=NݐR6μ~c-ukĖL\r_=O0^WKAkisNWJùH|zӁm<_M=|j?c]Դɡ}ڞ\0҂+ӼaxE9#[i2 Pr)+#>@b&I0?D+xkP%m%=㼏ҹ򌶗]&K^^C~!^1\0- \0Wc`U[?\nM]H/t;TM#H#@ϛuxZ6W^~Oz\0\0kCsc!\0o\0\Z/kk+k	19GJùgK$aS[~ixU<U2uS?c׊_Wvs\nd\0C\"M.O~TXNSoikyqsbA+o=A<u@( VF3V/!|\"c{+W&\Zw>\"ukvqʿNwF1ҽ<Zׇ.`eXwWϧ^oגM$rM{ѥ\0={W|\'9/e\0e}3öt_P~Oj3Hb\Z8.b?2Ү qW>̙|3:KEJf\0[8+sK>qB\nq酷6bMhd,b%n35>&`7\'56|_1n=+Ws\'$l6;g4\\<\0(j̮za>N\\CņfH[u\'JJnc@.;g8oj&P8I#GMtb=2(I>[݄PODn	/3ՉV5	3\"e^M,\"3q(qLaHW7U \\ؑn\ZcsQ,Q@YaӣS퓡#\0ET\0F^bW G	LNzdu̲]̤>S\0zߺg&/9񯡦6rvq=ր!8 HA${v_U*4^]yq	C8<Za9_0cϕ\0P7q<LBBbF	!_E\\|&L0.~%le<ץqkf,N,<{?4,(^0\n)\"r13޷5/0̏W/V?85^[jzY676NWωJj#уlma\\O6w?#rBjȏR-/,rc}*.&onDI\0[6D\n,[9ʷ5]01)n\"a\0@Lcnү*{r	%nTL$x$@AISZ9$˭eBFsFRLw>wq1+*7O̱\\@L҃\Z!©X˹L\Z\0>0FB7P+1!|s\0iN$k܌;O),ܰF	*{*<G?L56X`HΙ=,6.CsҐ R>0?Q+8ž}R\rNoyGs\Zw\'HSRcda1G9YrrG+3W$ʜg9n98qHblcG!CA*n%@1\0Dq@!up%DyGq!ty*E)*&v|J[=!ĐpA(}.Fv}iw*)f@8rHdܬj<Bs[icq֪ct\'41W#z˟Ҁ$!>r=Q,dژ\n6?y?mpN;Q`!x\\` x;#i`>\'?,H\'a=6ʎdLʘ\0,ԹmnۜӁ̔R\\W\Zl@\0َO֜\06Q{/`Gm/FOr\ZnOi82!ǘG;lfNWE?1ǿjoo2>Q{\"N\00@sG3Ziϡ4ϗ?ϵz8b}( 	>4\0>ncfN`:\Z\0LcOsKҁ=30OAɠ8֚|Rt4=CX3\0jQrހ#X@NO^Ǆ#׈\\p@l}hFW*G\"*<1QHc21ae)l~r1p8Ir+L͟\'\0)t=)HE냑lHH,;P2HRNQqΫ!63MJ[8\'\' a`LTyVaPlDK$*KfqLxF=qqm#M8昅\\TF}M1c@ܠjyr`Ã@y2QL%ŝM\Z\0RGl/<sށH*Fg]`	Y\\wN(Z8呰I$\n;a$S,TcHՔ:ܫn8mosPIjFʝj4_Fyۭ#2	[{Tg<)#\'|zmZdӁ8P2\"7S9z(ݠx7,џBֲh+Z]g\'ݪH3hMK=8zRUU|$k0bIzwk`=E&[QNv8Q\\cN\\P2Ss0<\0*_@T MUip!iu,;Sf\\6>*HbbѺd{V\0g(\0gD\'Z\Zw0\nW5t`b{Y:=iXgXB֭	PCy=Pm?V0ߙf\0^.]f_%eػ3>a|w֊HKq5r!gG\rmϥmx_l:\09h\Z\Z?Ī^#W[CX,wѣ\0vOӸu*O|Thn#w#PsS\r;cg\\{E}V\0?_gǲ(5qH\r\0p\"_h\0-雁3ۼGAϽse>rxhv_ZErʒ.9fKRR ٲ@Jq&?xh`2T>\rn-RMHd)\0VGF_D\\LCJ;%&[umn\0\"XH8oFdBJE Τ,:\0XMR\0%@4吋n1i:uMqwo3!XevVʷ\0\"[I]͍Ib\0t-GoJPnx8ꨦf\0cbz\ZYȸ(_qNN\Z\'JhqTF#2&,\r/BA4QQ̟vRW4X}ʲAn	Q ysY\ZG\n\rM ⷉ]ª$2j@=ӎp{ >?xW_7j)oo5gpYFBzo4Sz݃4Ƒl~@:TM?^՜$:E!!klCF\"^*9cIФ*(`GR;V/K l+ܱ{=#O-<. pkd\0֯Y-yv6zq~0aSL-DkR}w4?J(.tj)2as;dPyjٍ݆`#k5w#:\"MB؞&\\w5ܦ(62KIn<~b:M]~xE\0c~9$\Z2O̎iX\ro*>\"79ccdE\'u\\Ν#V=h˂ҍ͹oCz\\FOi)yDch\n)\0@9iZd ydwqێ\\h®G 更wC440#\\MSl*Bc|~|? ffݻ9XАM\r<o8\"8ci |ѓaM)>ŉ2)p1%;z@!(0別ReK??Zw08\'\".3@ZqG,Zުhr>e.q]G74Gi#FG*bKJuxFASZ^ļusP~;a`\0}=WҗvyH@qܜCpZ\0n\\à5\\0vD曰RTE\\\"l--삀H=N[SAQ}i8#ݰ)K91Cל@	??Zz|-\\AHg;A>4)[qL_ƀ1rp=0)s@e=}邟җ+GI~\0qG~BzP9\n\0T`z%MN\'\0yru_. Eʞ~@Fs֐uhq<w`)\'\"icS=h\0# S\Zn9V44dÎS\05el}i,G}(\0K*TEuNZ\02<?0֘*)w<PfS\0+)94mg-U\Z]ф#5>2E\Z*T`5+Hѕ}4Ta\\Q̱wRxVyS=7`\0I&I\"a֡i$8Z\0b9$uژ;F\r=0Z8Ci)x%Iġ@p8\r:jv?Sц;<1ߊ>t*đqMFFhW*EIvo5/ُ#aRZGF,S4\0 XS88jp0vʿi$>PdI2Fߗ\0hf8܇p?$6mtǘ:#9wa`e@\nl>`*ź4֒A)\'Skٛ<}Gɜ?J^b[$^&I~ҩx@\0?\\R,mtP\"uD0/Dc\r2Zi&U%EC@\'P0:zJg%;\\}((2C\ZaVRe9b̠n8>\'DKp1)5*U-9*SD}NA 5pG\0uv{h|\rBh?#]^+Xڗ1vrAkV.MXkTP=yaś<Nx|UЀ\\fPj[eeuᗶhUMʪ<IgFP|.d>Y_&e\"I gyHEǜ+\r3F?㨠W;mO\"h kЃB31.3R4ap2ڥc ).}15;G򫹯:[9	u\0?xW$v4	\\3K@_;J}UhXn%/zt}LR\"#E44|fڃLJB1ڃzXG9dkkᗅ5ϚJ%?ݷ+u)>JGr#yBbGY)@ȓ>xGbO/Wp85N.*?+%{Tx\\U?;ԀX\07ԁT(|NsUV{yBƝ@\\\r\0XF2*	|aǥ\r6@uȑ>Srs_\0C4}<KG̑\0i\0\0V\0Џ@+A\'5(-m2<+/\nxrLVal41K\rKX`PwcR[c)/au$\n7<TLSg̗I5(.,+wyz}┹EsHw<Fgnkm#D9u=)?!Q _Zwu-A9TX \rs]V؟Igj,;e]#Uu(dbuVR\ny/l$?jne8-i=Ju\nrp >:\n+:ݱnTuaW[|Yn>I\\֨XIZ	r3*`ːFqI]OB5(wv6sF3σwe&ЮGKG=G/QO[+6\ZiEPAE\Zecx+3ΕXQ:WJɻawe̃4\\8\"#*x=Tר|7hyGkS^6,rԜ}*Dva݈Ey1eXnBaX\ZO!I5	B#NYήt2~wp@a;1>LY6QA*$~\0:1A!s1y!#\'=q@iGPWric?F}\0eh˴){{cRmvrscؤ3ҁA?\"yp\'pp?\0>R\0.=zS?)۞y/9c鎴ǧdߧ\";N)\Z\0PWۑNiAQSsJu|=#I*3)$nr)zsH1L䏥\0?^Mâ8^\0\n\0OяϥM\0B\'-Ij\0^~~t㠠\0)94\0 UI@隮Ս `M@9f7#>\0@N(#@\0c7ր$A`otƁr<\\|HA⅝h\Z\\z\nz֓ZU*DXe[\0I8	LLdlFya^_a%uեǜxXb+|RpHl\03q)?OzDY{vP1i=>aD6*x$t9qQ.&/##6\'e0jF$&1ݜ\0|WnFi/lWs+($TC)%%yyS7)1h\\`hiv4`eAT\0Lnfa\0!M\\XLJ(*LP8\0`qnn8(5YA$g@\r/!+sޯ0ri%,A\0Uњ+c\"^gp@Ȁ<Aʯ\'I\Z7=FHO`<.X|*5H3nxA\"i$.xySP=a9p\\hm@6zs@CHUcZ9x63[ \09L	\\\0zqFsuIޛ$X*# 1zP2xn\rh6*9SJ#\Z&t\0XS!wz\nXQ@\r5\0~l<Rr ;d	`gMMDMܝҁr~f9rMZ`WnG|jXԑA#:K;7!vd2^\0K}]22kƣ68,5?P=nm֚z6	@s[5usHgޖNFԏVC4\Z躊jc.+!qFƤ&RD sYab21T?Z>iG+[ɧz	Ȯ#T\rCVs\\!FdW?_j`$t4\\_xE\"F!\'浂\r(9[^W&\ZMos@ϒ|\'X\09.>xU-Fhⶴ/$Z)	%;=(c\'\0TEPQ:dolG1Ef#Q,PzqX>$#4琰0;}kEek$\n׭xwuI˱QPzGm?n?6$uX-<ns_7q~xOƗ>A6fIXdѣf	j@yWtfX[Նvҍ4<SMu_MITtI+-iea(Qh7/_C \nsu(a@-1KFQV4\'d_׶5\\\\6iݧqHXw(Y|XaR/l\0g~K/:\rW8*J]GƜs5$lu )ϠԬ/W@64ɑ\"};H:bleRʙFj@ky<Kߕ9CZ&;޴<qV#\0n	ꭚ#\ri,h#|ݰj}Iqw\'(3V##~ixS4p]&oNGkԾk+nTt\r	K+5^o]ҳL;>VW\"62\rLK/꬧֨x/HUŌLH~I@=jA09=^٨|vI&v\'vG\\c\\Y$c}@h!MX|/*^N#qp2\0Ⲗb8\r 4nw>394^\0.aOGn#\08T=@ɠ\0#t8h$\0w7MAL2?3@8@\n\0Aw7{i\'L\'ǥ0?GnnNiA=hs\nBr3bbqns@M.iN:z@ԛM4\0	?1OOSI\\gh\rJR)4\0Sqߎih0ii\0JA\0:<|SY=jP0(%TAZ\Z!\Z\0TcwjfzcN)ASIjV(\0ֈVz*H4\0\0(}X6 zU]Gz\\jB@q#vw9DYI{\"Fe$fKL81icHA5,n!G֠8Q3\00*!jf#0@S*dy@N9@\r=jtQI4}ҬE9\0deӌ)%\"`z3fo|a>\0Ƞ33ɗ\'sҐ1\0:ܲW,yHOn}꧜ǐz\Zr͆zY\\<^ZW}9G==i`^&iwڃ1@3Tր49rps?ϼXq=q@`]@T(y8>ҊT繠ujđ68)B\r>_zG)sRmN}QFY;ڧlPUapq)AZxr~,g(roqNd1x<RV^{[nO֒6 unȤOJ[E.?\0u\\IL*pUHl9h\0uqRn\Zmd{zĬvz@_[`2>¡xd99TAy3驁eG#^2	\'TBoϷJ\0]O˘yFÓbFAXRCԃ9(h\0Pg4\0ڝպ$^kɖI-J\rԨP{2䅟tL}Et֚ޟ 0ܣ{feQIzPt$\">`|BSx}	vnk(ڷԃ@X|Քoz,|_dIkrVphcpÂ*`iVhlaj+OAwک2̋=\"eR`8QJcH:#q}MygmgwV\"=CsUᩄkеq+E^ڽ&[)\nWZluOIynU/Y>p:2895\\tbwj\0۸~?:b3\ZhݑwT\\[IȤ\ZH>א/`_1L\0[JwX\ZtȒr&bPLF4\\,y/휩5xKR\'21n}ۘTG(GOm5>lNzʼesk-%dHY(M@;~Xձk-Zݏ0#7W\ryZE}*>}[+]eطx9Zmqp׏ =z`|Ǧ=(}oMjȬAW.kx5g]fÉz=ڢ<֥&&[U~u>2o0sRdvH@w6cE\r2rS)WOsڛ`k4γF!#2k縴2z7l_j1YP7;(#-ٓqnURe8$/Ʈ\\;\"3=\n6{Iik}A\Z7Ld!s7zqL9\"v=XzFF(cճҔ`\n\0L҉1HF>Ƞ2q\099#i1\0&99{SM<SqJ?MFs֐\ZLiA\0HI\'\\SsI\0r\05`@<=\0Z:xH]M\08GQ=M%N\rLf+fdT@3jf\\iNq\0`R#U\"\ZdLE)<94h\nPsژPm*㎔[׵ \Zb\'a~7Hf)9?J1ғP	oZ8)x |cGzc0֣y3}i*NbqrHʫh	>HHQJ?*`[(R;\ZVanca\\f\0*3r3@	4⓶vƦ+mJ\0HJȠzt`.`^r)\0քytSD\\R[#\"S֘2$9?q$zf@dpY*4|@Ǩe?cߌcƗk0@?i4D`)8<9x2N\nm֔*;i{osMG$\0zSSHbە鎜R̖?~fPG((ǹba	V9/wTs1\0J1ÎAe=A\\֔`Z`1QCy9 \"\0CN|R-|?=j١ ۤndQz`4W̴r9wPSP)c48V)Ӣ8H\0;sfI Wi\'ZaYGQ27\0w4>A@V|#Vldq~)CA!G!j[uB\0v&\00|R	>bH9=\"Hִ?/Fr}y\Z]Jpe=jq\0cV @A\n6^~M Nqʟpi.n\\k:*;QܚxsN2q!+zO%7H0\n}~g4Ue\rTnNi	EoEɰih@isN^ieiz\"\'\'e湍KnrIH	G]ڎjJ._u{@n X+{\rI\0g%x*N9G$bsֽT6~cv9.Kᑍ*p4su+ͽ܃t߉w2%^b-ReܝbKm41S`@ynzVmtX~k̞H#\\/X.I$Rc702\"nWa vԜ~Z^9mN3sFr:଱+gE%hW\\t5jF@a4\\\n$#ck{:ƽ3\n=Ǉ\ZF;?`{#62[xBFƹ-_HΑN{#Ȗ.\"T?bۊ_v;^Gϣ(m[\r\r^Wh\\2+4Yc=*t*zs~yu+nyGCv!ֳSP3?I`>&b\0:C>\0M#Ґ`z\Zp\0{[h^y\0}h9)3>\'\0@᱒Ґ@4~ Pzu&<!\'ւ}i7Rpo=Gғp)s\n`ޔHzSh=4gh9}?\nn8\0wlQۭ&(SviizTнj`JGϊ^㿵 \")֛R\0\Z\04K_81:SD9\0f\rQ\0N9\"-q)<Sgz(r8=j\'aNeL\04)JⓡSґpMJ- #\"(N>aO1\0[2(cJ2a	eAYsޞf#<{\"@G8sN.pu)NҦNwcJI횏qF\"-0LT{7\'\'<-N.1Z8$0J*pJ~ힴ\0=h}~4Hh\0GNE7i\0~^\'#\"maN?+s@3IoΦyƁfA5*F\\pƤ6CF)\0c\'\" 0H+d`!(Y\n`\0)R-94\0uhc\ZC#\0z\0x=jWBqSKB	\'!W0i,GLFgך`?vGc#Q$.}Wfn28&q#U\0=yd?\0F#!F=X\0hE;!I8\ZTH\0>	9==P=S;}{G42qF@`#qMS=}}i\0E &[by REF.U1L{˟`[%x5n;X9ߍ+9;@v6^)Ԭl.]-ī⼯e V#mԏX@?\\WIg\\S_5kBG3`>deX>9l&8]f=bq?GQ湻\Zi׀5A#ֶc-\\2yp;\Z#oCQ1qX=RP±=eu\'\"˵@\\v<PhЫW3{I1H[k%QY;RXK\nܜz5$RF~p}+\'Aǥg\\iv\0\"ROG[ws1<埌w{VςB|a\",$HJ,3Ӽeg,$WWk| Exh\Z}Rޢ[Zt7Nva\\Qa\n#q^ricLsRb<FJo_G鱓s4J8Q_d<b c\Zx\"Y\nqHN}nEդC0-𞕕c4ƛC@	_@hO9>@cM7w\0lP{Qv90$ݎ\nif_ʚn tsHNh?Z\0TLq֗i$\01H1{\n\0nwR~\0p҂i{dQ)gA SI]ҀC@&,3(aQ)&)\03FO)ޛ@\n4Ӏ\08f^\"\0\\n*`MEN+ңTަU{cR`g@	ʃ@(h\0)Y!\0IjM\0Y+\Z[)X)\0}rj\"tb}i\0٠`<9jUl\r@6dRFWN!\00\04H#\"`OZ\0jP SHf<g=iهOZ3֐o?JnMMc@P1<{T0yyߚ\0:@pzd#4 9!Ǒ`Fiܭn\Z\0P2crnI<z]\0%Y0y TUS@w\"fczԊvNAJ=)ʔdv4R;*Bd\0ҝANRq9\0AKAM٠c7R`gy#Ҁp(Jɸr${p94Ǹ*|S搖))=dy;wc@;#=ǽ09#ښY\\wϵ\0[[\r\'nƣ9>GER))y}sPdb~i)`dSx\\#$U>\0\0HTF(\n\0;\\(S\Zq@aD`}{PsKzf{Srqր\np9bK=3\"fFcVcJ_Rߕ!ܽEFB=VeNqs\\z(<t&%prOҀ?.8;KZ̠H@=kĒ{a@[ʣ4r$`k^ÖQ<ٕsڤ_AT\'q\\Ej܃v7@aր,OQ\nΤ*S>p\'G\\U0n+67$*\"ɷ\nOB<\\j}5:+j!OP`Ro0QF̲H˞Ԭ+;Q`\0÷.edp7\0.Hׁ8WGޭ-\nJtn?\nv$nMK)SʌDcB:i)8tC1t\n;4Mui0Np)R\0\07\0z\Z3j\08@0\0\')\0n#~{3\'3@\nOLS3O۞\0}h(ɣԔ\0IJ?*\0LSю(:pNs(*\n`\n)49?-)\0|ݩ2izu-(6B)0id@)9qO\r@8=\0Y\Z$ b٦w\0➲Qf46sM/iUH2Z\0$b7oZ\0;QҊz\0U^TZQR61M(6duCcOQLF*ttwsHYq\0#x(*0cppM\08Ҏ9n,W=ҪʛLbzq@|K@X<PX=*OjNx\"O89)O6d0\'oJ\0NR/s@Ri?ʟi`qHS@Ӻ1(*z\\=MH,`:@\\0HF;UNW${:rKn\0Z\\Ƞ$zr+dLxқ\\Ҁ.ng^\0[w\0v 9Aߝ;y#c(C8C2ri0x4.9ѣHH{BP=Ar+t7\Z8s\0,=aL=O\0\rxѴQ42:Rdz\rғ1\0OUTgn\Z\0@4gՅGGJ\0\\wi8ҌaSy1H0r=)/hg:Tk\nB {I}@ϸ(MPA??\n\0	o&|F8@	K1fuoʗi=@,1F;0òHXoaN<AR-\nN{Gu\"6}\rfN\0u\ruݕ=޵Sp|q޸Y˟&=]RN	{mzA⼡nG#ަ[Ü=h=\rR	1介z8uYcڭ9iX.{8ʵ@=kȿN8jMˁ(HW=+Pd1D]z}zk޻OְK1fC%2?\Z+\\]\06v$[\0YBHL1\'S@\0g4zQIBP=GqaQ߭74g\0h97<u\0\rM4¸(\0POJAJH\'ҀTRTgI8\0Δ`}	)13J:PIϽH\0\"SMR~4\ZiA\0Aaj M8\09Ԕ\0sKI-\0(>\"L@}}(\0#8M+ϵH~{}i\0ChzTdC-\0F&UL@\n~\rsIh\'\0wH1Mg	.O4}j-њ\0p\"sP<f%\'GJk3+pG4\'oza\',I&Ҋ\0p=3Qn(uwGSހ#e ;sRFzH{R\'HciH\0i\0Új{SqҀ\'JAʟj\0~y0:n\0c#x#i\"2g֔=\0MN=EIR@vw?7p@M۞)\0<ނy=M7\0zicwbd\Z\0{@L#~p}HG\"14N\0ri4\0=\ZpVX\'z\0h<`v\'!Qi=r)2A9:C$1(<&sNI8\0sNi؎\\@ a3MQHϻ3{Qq4\0&qH)F|zS.}AZ2{\n<I`{g7&3)rКywr})	9a\Z8ZSpz!98A8ߕ*AzҜ\nc{1w8%2iqHZL֔鹧,z!\n$0GǱد\0b GSlSx➲0cƛǹ!Q\rI{~t8\0`zFjg\Z\\@(k}EH2*x9q1S\ru⁎c@O-3 IZ	?OqHzy>dTy8SܑڥWކ| QJG9&zP=[zJ\04Ã@4r\0\'(bwN!8I\ZOwҔƘi8ϥ0M\0(\n@;#.@\'4^=(LPGozp\\Jx4\r/J;R\0#+M+ӊqiq@\r+ސJXb>2c<\Z[枮2hpi	i4\\w1Lg&i0ڣZ\0[.*5\r [#ަLJ\0LQ֌qFhEHMO\Z\0xM+\07nGl%r)R:֤\\Aǵ7wtnSgڝ\Z`8u\"8E4AMcA4e r)2}h4}81늇Ҕ3H	\"\r1X2:I<QG1\0\0p֞	9BJFh9JzRQ0{RFh;ST(P7)ʣ`Sr4\0pTJNsuFpæ(nSՔ``Ie$xRM1Qtۻsň<ڐ0@{b^ϩCH)JOI4q`qEG8\0\\?\n2=	\n\\prߕ\0\nPrFis@hL=\0ݞ\n\0wձiF8MJn(-S}S4$c$\n3@?g֓Pqۊ0G\'_&w$PizM.OV&sO΍z\nCSwRI\0?1	$4`?\ZG\'i^sבFy\0&}II@>vL4o.46HR{iz\nTM0&\\7ZVEsPi۸z\0{\naRǩ\07Q^SqhqFGrMs4\0aG>d}hP\0\0\'CJs\\Lj3@i8s/^\0iPfQ\0Z\\qɦ҃\0F)4\0z1 Β֚@yIj_H\0RRH(QP\r0\'SK\rD\r8tM!g4\0Q\0g8G\0CF8JN)\0\ZB-\08(`toH)I<PߚL)Nx4q@\0{fG4&}\0<`cNCJOJ1#)n(Yۅ4\'\'il⓽\0<5 4Ɓ@}iO^~\0ijE\0_8Rf\rZpSHqM $^) sM?w=I@\0Cr)	9ϭ\0=Tɤ8MZe8\0+c<TenLdF\r7pM4p` e\rOMqڐP\"O31&֙Ǧh1@N0*1/P\r\08@ɤ=SۚN\0HH=>a~`PzPAphA)qA<\0q`ѻڛN9$pi< 50\\{sT i0Xơܾ\nq@/$1q;ӄ_ڣ}(\n\0rO֚QL烻A#К\0q>I&\n	z4)lz(qqIN\0Iђ:\n76z\03rM&h<S:fցLC>\nXs)joCR;:bNigyBhON\0j@)9O8?&0Sv$(?\'Kۚ2u>8in8QdRdoJ4\0SyCĞG4`\0Ri\0~}\r{`cޝRP\0sJ#&nsޓwh\0AԄ\0&y4\\S)E  QNG\03ojLq`\no\03o2)LZ玔q(1=)	R3րyL\08\0h	w\Z]4M\0HOnE4wP(\0)G֒hTZx4`N 4\0ݣ=i\0F>cZ\0TW@\rSʎ; \0_LR)eqd\0.9*L\'i@SQQ@<?lT9w0%ic4uMӭ\0\nJQQ(>s`B9IJ\0\\\0G7uPh\' P@Jp=izӶ3Ӹ##vÞ۴=E\0&sFr3QҎP1{d~To4<4)=p=jniF94\0dtNqMjB\08b4\0\08)>ԣ>\0SFG97\0=i2zcL@\'I&={R4\0|FTR`R\0<u`q6z3@\'8Ơj0;?1miׁKڎS\0nx8迉h\0<qsN\0~?S|@\0QϦ)	9s&hNh>i.ʌ(x#i3@\">\\!AH4=)QN9hzSF^(y<\rP\0@JC8ɠisL8@Rn4\0i{SH\"I@hp)1NQO\0/zx#<Ӂ(O493v(0%N\r2=@y)\0IO#4J^cHOzӺ5\0(M \03/~\0uR>E\07m8qBh\r\04S>\0?/|\n\0) 搰E\0;4S-\0<i0zZ\07s74sA\0\'4zfc8@\0<S 9?\0.8Pz@JPJC׊wQA\0x)Gznr)\0KCnOi\rRh\01NqL\'#9ր&2rxL}O@gdcޙg=q=#0=hт:\Z^NrM\0\\\n33G@`㞼Sruc@RNhǥ4@<H`zu=jB1`f֌A~b})s؊@N%nIlsQԚLz\n\0SsFaHs8}ҀIȥ-&}9&F@\0\"\0Ona\07.i&z3LN\'\0u4ԁAJB{TN9SqPP4s@R\'Zgր<q)y \ZG4܊yǥ&HJ^&\n_Nh\0ǵփZ\0=i8Q\0.qFyf\\h4fޚM? c\02\ZJ\0)GH)i⛊jO4A\0;֌f\0SI:RfJ )E8P;b#Ls@њ~i\nO)P;R\0:())s)	Zq#9\0Hi;4\0zғw4\0E\'wSJA1MwJ0s@Z\\sȠh)E!4@yڀ@OZ\0^4xH\06җil $=rdFќ8v񜁊B~tSۿ\Z\\S9Nh>}HN4LcғZ\\\np>=i֝ƀc@vqH48(9曏{:ѳ@%z\nysҁASxixoқgA֓J3@>WAE=($8O$~^3K\0Rd3ԊLcZLvޛ^\0	Q\0d:@ z	R[4`.3)3\0(֜3h\0`\r&Roo1*\0g8&z\0AG裌\0ؚ]߉qG\0\0/Qɣ\0Z?Ɗ@!dz\0)i3E0cҊL\0^qM$fԇ(sK\ZZ\0\\{SvJx4\Z\0qI@	j)\0.i*@)h(()q4\0=1ҝSO\0.h74\\E&i)\0\r8~^ΐ\n(`(IJ\r\0?Ҏ⌎R\0A?7OSsHM4:AGK\074i\0n&LPEzAO=;{){RN\0)1v:(!\0zSS1Oր{	9!9L)2)Fi\0M.j<PAP\0~~4\0;4q\0QӅ7Zp@\n\r&;SoC֐	ΎiqE\0!\0Ӷ捸@ր(h@\0)Z;\nԉpir941\n0ߚBr3\0ցҐ94\'z`;$qMQN(\0ZoJ\0\\.@IݜLI`;8J2G-Lȧf q}(I\0C4nx@3!GO۞2* {ghQN$vOz\0B\'J^=h@O\'\'>\0ʐ֎h\n\0ғi3Z\0^gi4g\0^\0\0HiH4PPsҊN\0E6\0\0 R~4g(z\n0E-g\07&R	ր\0HKIK@4cފ2}(\0Ӛw>q@h\r6fM1h\03.h4\0sI@IրM;b\0\Z`3~4\Z\0(@	b`1@)4ҚF((:R\0LM%-\0&98\0ݴ9PHEH҃@#4t&y<\0MsNڙFy	3Mږ\rݩI\0)i1K@/)\08◯jAP~c/~t4\04⢀\Z>1tKJA֔vr?)${&}$Ss.s\0QKڛߓK\0qIAA{\\qN1@>4/A@Fs֛?\Z\0u%&y@d@3NzP2h)90@	Fx@<4Ҋ\00&@{PO\0+g4FG4d@FMM\0b{R`R\0)穦Kǽ/n$tPsуz\ZLZ~i=sJ1s@&i\'♜)撓PԠ;Rs@<⑲zM}qA9ךNy\n1@J>P1@\0h\0>sKIz\0=M4SM\0.E@.i@\nM4ӀE\02R:PRfE\08sKH({fii)ݴӈ4Ph=h@	R\Z\\M\0 })@\0f(Kڐ	ARv\"o8w;w\0/qHMw=M&x4\0Fi٥K@)4QGJ)\0R\n\0;ҌQ(N3J\\Qڀ\ZEPbS%\0))ALq@)sQ\0*4M.h\'ڌM)\'=i1@\n1z?\nN\0ix;Pǥ:H)((Ȥ8LR`~\0(zi/`\n=\0v%pfң9ϩ	YL>.M\0\'9\n\\c(=zN&MF{@/ё۵\'~ԴHyS@\0Pԥ4\02)Af4\0Nj4@\'=ÑF\0h9@#<RRgp-Q>if}ڐ:ө8)4I\0R4g$\0:\0^h\'gқҔm\0-L7!RRHE\0%.))sLisH)h\0ǽ% sA4\\\ZPxi&(3Fh4vh&(i>FM0$\')N&9\0_ƔRQ@Ͻ`6jLqHъ\\{PJ))E\0.9P(\0P8P(/z@ph1@f9)҃@\n(i(&ޓ444`P4Ν)G\'\0p&(4\0sKI@KjJޓh\0P}hJ@7ޔM\'?4ⓟƌ@>Ȧ(L^i	M\0)\'4qqܓK\0zPAG&w8 g\0^{p(֓PtqF7P\0O4њOƀ4IQ\0q9R\r<{HӚ\0mFyJ_ƀ.sL{Ӳhhz^M.G\07ؚB	{SNh\04ښM(4\0i>>(u4\0!4&ހ3IGS@Zm8\Z\014?4@\rFip)1()\0\0\'~Q\0!;\0Q\'֒`;74B}(M4\0R\Z(sFM64sH)ߥ\07LPqE.(8\n@)q@\r)\0Q@1E\0Z(Z(c4(\0Q@)1\\E\0!QE\0(4Q@Q@sBQ@};E\04Ph(izE\0(i(\nPK(\n(\0(w\07\0iwq(񤢊\0(E\0`Q(9GZ(QE\0z\\{E\0&i(RE\0(MPbE\0R\0POLQׂh瓚9(zLE\0QE\0/sڊ(1ZLQE\06E\04Q@\n(=ho7PQ@J((w\0P}(\0֊(\0(S\0(ǩ@4&\rPސE\0(`.xQHLQE0\n3E'),
(5,	'a',	'dsasd',	'\0JFIF\0\0\0\0\0\0\0C\0		\n\r\Z\Z $.\' \",#(7),01444\'9=82<.342\0C			\r\r2!!22222222222222222222222222222222222222222222222222\0\0\0\"\0\0\0\0\0\0\0\0\0\0\0\0	\n\0\0\0\0}\0!1AQa\"q2#BR$3br	\n\Z%&\'()*456789:CDEFGHIJSTUVWXYZcdefghijstuvwxyz\0\0\0\0\0\0\0\0	\n\0\0\0w\0!1AQaq\"2B	#3Rbr\n$4%\Z&\'()*56789:CDEFGHIJSTUVWXYZcdefghijstuvwxyz\0\0\0?\0N\0=j EHhqLS5֔d>HsJ)p)¤J:R\np\"\n\\\Z8\n\0(R\n)0i⥀<ԠQPO5*\052u=*U5]MLh	P)R@N 5@H)AQPRc摢c(.ipZ\n(Q@Q@Q@Q@Q@Q@Q@Q@Q@Q@Q@Q@Q@Q@Q@Q@Q@Q@Q@Q@j3R5FjeTV5NZ%9{9{չ{9{dUV媒WdSSKީV/z%[SedU*(%Vz%Vz͌Ygc+B3PD\Z5##4R\ZeKL5! ii\Ziiciii\ZCHcii\r\04RJ\0JCJh4i)Q)JJv)1@	E.)(\0H)E\0}*OӃ澡N\rT!٧>¡%\rzpT!\0	}\0E<I&ޞjN\rCAJ)*\n8TJ( R\n`ROJ\ZTYRP)TM:M@Ԡ͠\'SRP)APiYvi-1Ԣ)i\nZm(hQH)iQE\0QE\0QE\0QE\0QE\0QE\0QE\0QE\0QE\0QE\0QE\0QE\0QE\0QE\0QE\0QE\0QE\0QE\0QE\0QA0Ӊ#		OZ)V5RS]2*Jj[9Zd=jjCU$=k*Jz9{չOZ)`UrUZ!H!U*eVdk62wޫc+B3XȚ5!CL4L5,cOJԇFj@C֣4\ZC\Ziiai\r!\Ziqii\r R\r14L4\r4Ӎ!4R(\0J(aKi4f>OҞ֫5\'8>P4MCC,==jlH\Z >\r8jx\"T͠&\rDP\ZT`<S0SC RP)RO\0S֐\np`H\Z\ZjE5\\\Z\Z͠\'SRUApi PiNC(pZS4S#D-- 4AEP0(\0(\0(\0(\0(\0(\0(\0(\0(\0(\0(\0(\0(\0(\0(\0(\0(\0(\0&i42cISɨ$jLCU$=jy\ZHkTՉ\rT +jY\ZZS֩zՙMS0EiMSթ\rTLHjĆHzleg5YXW59jXj#ҳc#5\rFj\ZaaP1i4i\Zy\ZCN4ڑ4N4HB\ZiHhHiM% \Zh4iiM4J\0isA\n)3FhRPM!i>}{g৻SZhֳlcx\n=)AO{T0$R?T}0EH	5	})H OOSLY%*1R\ń L c8\nhT1\n8SE<R\0i*@\Zx54zT4Ԁ\0Ԁ44k6\Zx9TԊk6S0\Zp)iӅIS4S#DQE\"((((((3HMfBiNCIni	fӱ<Fi4X95iwQaf3FiXaSsFh)JúMn.4t:Biӱ.BL&j\'|\n!]*+UhD?UVG]PnVF$z#T\"\")\ZHjI\Z\"MSnRFEy\rU\Ze5VC֧sUldjC֫9\\w5362J\rfDj3R\ZaY00ԀMju4Ԍa\Z\r iL4!}4!Ji\r\Zi\r)4\0HiM!S\r<\r0M4I\0\Z	4\0HM74\ZBh\0&i	3}?J\nA\0d~\"\n#`RjE\0i@5zS @ =\r\0\Z\n\0H<\n\0\n\0R\0H(,i8\Z԰$\rF\r<\Ź <S SA*0iPxPO\'\rUpj@*8T4jx5]ZVJ\r(4i\Z&<\Zp4iAh)I(aEPE43Iqh&i3@.h&i3LW4fv%\\IBi\\fM&L!٤F\\+fO.O3PK.M\\!+4f((\\ę4֕IFE4\nC 9	ijޭ@Z娞Z<]<]\0U%@]wU]껽t\"\ZUdz{U{YUdjFU]6QU\\ԎYf\"sUjɌVsSk&25TQ5fBOjaDF5!\Z1ij\0iqCi4Ơ44iR\Z\0iqB\Zi\r)4i4i\0AҚCHCJi\r\0!4CAP\Z)M4uPhUUk8-<-*Hd\rOJT\n4-8\nx*SK`4\np)@(P+R\\QB\Zp4pӁRO\rM\ZPyM\ZPi҃H	AQNO\rCC\'\rO\rPO,+TT5HPjJY8Ɂ\r8\ZԇJ\rG\\ұњnh+vh74f0њni3E?4as3ILӰ&i3Fh\'\\f4\'Ri	404zijQzaz&F&|XJo}[F\0RṢ̣~ggT((ọͪmZ9\0e4TLi}`Xi}ޫKZƘKQ4I[F\0J{%FT-%mגw\0Uwxw=9ޫ!vUԎYZɌcYJ櫹DNjWsY1s֠jɌ&[DՔDj3R=Fk6Q\Zy\Z͌aL4M5 0\ZSHia\Zy\0M<\r!M4ҚCHiaCM!4cM4Ӎ4ҚC@\r4\Z4\Zq@%%8PM\Z\0JCN% >{Ӷr>+6M\0T\0)R\nx\0\npN\0\nP)@Sp\\SKWQ~(SHQAb\Zp4Q@\r0SK@i`Ӂ`<\Zp4҃H	D\r8\Z(4\08RЉT5 jRUEj=f2<\ZR@4ӷ\n䙣4?4fRnX93InM~hGRrLf/H_ޟ(KiaP/U\"b/L/T\"z%/Q@yzazazZoK>7}o;UѾQwyXM2SיGU|O6 PHe@ZcKU̵@	OzIZ(3IPIQ4`%DTl=mg3Lw61]곽+@YWv;T.k6P5{\Ze!Ԏj5-RXRT-R5DՔ1&2#L4L5cM00ԀM4M40M8M iih44\r<M \Ziiii\r\02iiM4)i)c1F)أ\0Qv(\"1N5\"Qh&BT\ZPH1PO\rPSD\r<\Z͠$L\rC\nxi⥀R0)qJ.)\\bmIB(A)q&)أP\r8\Zx4j0iԀh4\ZPi\0i3@4XDӃT@҃Rjxz-<=TR@z7myrg}7Mr`!z^}>@\'/H^/M/O	K%\04B^^DD\"J J^^/M-V\ZacL&D]\"\\L^^/L/MD	r9ޓdM2UbJ\0X2{ziz\0&2{e\"z\0$i*&zFZ#=BLgE\0zޚPgY=fB,Ԍ\Zͱ5DƆ5\ZͱƢcNcQ1C,jF5\Z@FơcR1RT$Ԭj&Df5fFizSM@\ZaaN4HcM4Ӎ400M%)M4M4\0iƐiƌPi1LHE<LPqI\\Q\0f(;b1K(xjT\\NBjxze(j\Z\rYjj5fj@jz=fO\rO\rPN\rO\rRJSqIM.i\0\Zi&	IKHiJ(&i3@\Z`4Ұ3J\r0\ZfsFh.i4ӃTY\Z,jP<YKoKPnK	ѾF9@}ϭCr.M7SBԅ<f!jBi	M&M;\0ԅi4i	W`a4M& aj	T\nZZa5i\0iդ˚aja4j@4FZMU!zi5VBicHMFZ FHQUl\0Q3PQRl`Q3Pƣ&lb3TDғQPDƔKcDM9DMf!54	cƢcO&cYLk&265R\ZLjqC\Zy\Z4O4R\r4Ӎ4M4M4a\Zy\Z@!Ӎ6ƚCN4h)M!\ZJ\0i4Hh4CLSh4PQKI@	E-&)\"C*UzUCn#-4֪4P@H=<IPLKO{n\0\\NUJ\0.LINԸp8U\'O ;PKD۩	Ѻ\0њfh;\0њfhG\\ҰA\Z4?4YJK3Qf4Fi@iwTY]Ɣ5D\Z4GK,њ4`\\3FiXCFi4XcILf;4ff\r4IE!4M!4jBiӍ4\0iӉ\ZQN&MZ	1ɫH&M	I&M!5HHM0Bj&M4a5@8!4	MFM!5\ZRj2jXƣ&i1&&MDMCQ1QR4s\Z1&&j3R0Hj3Y1H23L5!f0\Zic#4RL\"c\r4\ZiiƐiƐL4L4iqi\r)4\0HiM!\0i\ZSA\Zv)(ILLS&((&(\0%.(\0{H%ZfG%A0&گF#LKOħ֎@4D%%<IP/<KTD%K 	=J\0/iJ$=7\0.)ꘒeP=8=KӃP. [J\ZsUӃlњ}.\\%-ԛnPMuAuMuA5MPԬA+6{\rF\Z\ZVLӁ\Z\\\n\Z(4\\Q3@hHML\0iL@ii	BE4ғM&\0&MFMZ	ɧ11&&Ƣ&HL&4h`HM4h&M!4j&M!4j	ɥ&&q5bQN5&M<fj3RL\"Fj3RL\"!4SQI\Z͡QSQ䀄aM0͢ȦHE04fEH£5c\ZdT1Ӎ40i\r8M!ja0iƚiCHiH4N4\0Rh8R1HE:qIq\"4	E4\0LғLRSR	eGkUTsOYbZe>jjϭHYOJZV11ԫ%Z+\ZBQO{zR\\V/*@Eeh$Id tIOU %C%ROPL?<=KӄP=8=CĔ%SOS%(z=.@,}WNK	ѾF\\Ow@\Z5\'\r@j585.QAK\Z\0	SAI%\rB\r8\ZL\r<\Z5<\Z4f\rњ,Ini3N?4搚vIi4Ӱ\nM!4i	`BiNa4V4h&MR@!5455i\05\Z{\Zj\rcQN&&\0&BiRi	&MZM&i5`4\r8M;\0Qy,23L\"\"E#L\"\"E.QL\"\"E.P!\"\"\"EO(SL\"dSY2*2*vȩȨȬ9C!\"EJEFEfȘTdTTDT42\")\"ECC\"4RL\"#jiM\"C\ZiS`\Zi\"E+JJ\\PE9qQ`\Z%%)\0\r%)H4Bh\0&4@h4LIBi	=<=U\rRMU2d=JU@jT,]W5*TUzU%J{%z^U\'J{z^U%HU  zXV/, *xIO ^,]SĵH=<=?j+D%ROGL=89.B.UC@YJ\rR;CT	RCRJN\r(5jpj`L\r(54hA\rJ\rM\Zp5\04i4ӃT!Z4\\5<5CC&.4fKLyuMԄ{N?42ԅ!4FZXUX	RLM-N<404U004R-L&^Z 0!jZ@)5\ZRj&5v	A4j\0	&Bi4њi5h@M!4\0M4Hja)E;TREa1)d$SȦJ@E4iZV*2*ZCEQ$TdVMVaVk&V\"EX+Q\\DVFV+QVJe+70ZȨȫij@E0RVw!\"ELVQL+S)TiRȱA)`#\"EIih\ZiM4iqC\ZM!4	\Z\ri4sJi)\\\ZJWkRPRV\"`jPj5(5jB\'\rRUpiթ\Z\rUU\rUSUd=<=V\rO\rOE\\5<5W8X\Z\Z+CU` oz|X\rO\rUSSd5<=V\rO\rOV,`585W\rOaX585@\r8\Z. ӁӁCSB&\rD\r(5i4`\rlӃT@\r+0jp54᪸jpj\'K\rK	wQF9@u!ju!j|IB@!jLӰM$$RM&qjiji4jSIU`0BiX\00	R	A4jF8LIh搚M&V)45hQTb(RO\"`FE0iBE0aQV\n\nler*2d0fV+QE)+6T)L)WtCe*2xQFQ)L)WLuh\nE*&Jc:TEj%DQ2JaJR)P2JaJRRebUҵ-VV+L\"!+L\"e0M\"\"EKC#\"EHE0E0ԄSH1SHM\"Ȥ4M4i4)RO4Hd\r<\Z\Zp5TRPRTAAUqRPOX\r@\r<\ZaO0SO	PON\r<\Z\Zx4\Zx5\04j\Zx5\04iDӁANN\r8\Z\Zx5I\Zx5\04jЉSAVJ\r<\Z\Zx5B%\rF\r8\Z!\r0\ZPh\Z`4i\0iA\np\Z`\nVsL3I\\R\0ɣ4bPf4Rb	HiؤCN\"E0\Zi\r8iH\Zi\Zi@4i4&\0QJMFM&RiM&`M0	R1٤&M!5HCIi4@?4f3V~h34@:@iEPR\0LRbF(ƑHE?RL\"\"4NV,eR*Jnʖ2JC[)M)Pt])L)RS1f?jRcDQJCc(uGW*6J2GQ2UJ\nlJQRc)UJc+ȫ,Z+QVEjXSHc \"ENE0SHȨhdDSHPdSHM\"L\"\"jl\r4Ȧ@\r4j@m&)ؤ43\r0\Zp5\rF\r8\Z\0\Zx54j\Z\Z\Zx5B%\rD\r<\Zw(4j iӸODAPi \"`i AT\"Pi `i\0\"pi @L\r<\Z\Zx504ji֨`i Ԁֱ 4i+Q)K@@*\0Nڥ(.*@7-j@m#Fړm.W-j]mqHELV;*RiHSQTHRQZ \"5Tz,j2jFX1M4BiԶ1I&M4@8LI&0M&iV3F~iA\Z04`҃G0J\rF\r<\Z9}Ҋ\\b7m)s\0ʹm<#I+SbV!+M)S)R)*JiJRdej6ZSd*%DQp)TLqdl-[ej[Mel-Kc*leeʬZQRbZQc \"EL£\"ȩTL*l23L5!*Z3L5!*l\r4q֕0iM\"\0)E4\Zi\ZCIAL\rhI 4\Zp4\Zx54i(4j i\Zx54i04ji\Zx< ALDATM\Zp54i\Zx54j\Zx54i(<AVL\r<\Z\Zx5DN\r<\Z\Z\Z\"&S[ĒQR\njU<\nzjEC*@)*ec\0Z-fa)*P*9%8%JeO0RG0leMm.awҵ))DDSH\r0&dTl*F5\ZT-R\\ֱ\ZHcVDƞƢcP1DO44k6iL&0&M4i4)\0h-L-M-UE3U҃QN,J\r<\ZS.` 4iS<S@K(.p\npRKS@7b]mj]mr\nTh+Prҕ`FVrXFVT,*\\P2զ\nPզ\nWYaVXTL)¢aVXTL(\nXaQ0`+U\nV]F§aQ2Ұ0T*2)XdTl*b)T*R)*CL5L\"i֚zS0MiqJJRi3\r0\ZxkbGOSQz杄H\r<\ZS; 4j1OV@ib)D8UXD<Q`$\r0\Zp4\"@i@ALDӁL	QNQN	PO05 5\05 5DN\rHSS)I05*MJI&Zjb&QRJC$QS(TYI2j@kx)P1F(1F(4)\r!	L\0Rj2i\0L&j2բBFƆ5\Z \ZơsOcPb1@z[Cơ&55!dFM4qYM4	S\nIL(4S)s\0*@)(TS<RSx4\nh4p(iE@J)\\\0\np\n+\0bhK`)Ic\Zj6Q`FTj&TMRD\nN¢aHev\nD aQ0Tm@*&;TM@0TjXTMҥjRlj75Hj2*n2&J£\"Fi\"j[3L4M5\raO=)\rHia1i逧MuXEH)SH;pH8\nP\nxSS>Q\n8RO(\n)<\n|ORG(H(`)E8Q`\r8\Z`JH\r8\Z\Zp4\Z\Z\Z\ZԀ ԊkHSP!b\'SS)je5I,)t52נjd5YMLʚMVVd\Zx54k6L\Z\Z\rN\rRD\r(56Lf3J;4RӰ4iM4Ti4iTd\Z!dȦkDddԤ\ZZQNPe\rhTL*CQ)ʚRc…VV5%fQTFEYdN#+L5;-D¢#4M+\0)\ZV@j@j iPj@jj@iX	QO(4j i	PJ\r8\Z5(j,ӁRJ\r8\Z=.V.isP}K@HM!5ziz<a\"^^82Ԭ1LiDj&\rDjFFT*6\\\ZjBB¡aSZ aQ0ڡj\nL¡jC!aQ0j!\"iLj2#QF\Z43L4M5-M<\rH4M\ZSM4ꀧJ%LR-*@j )ʔJ4\nx^. (OيN\npr\0N)@)(!SA<SSayA54ԁ&i@Ӂ\"Pi @N\rHSZD\nje5Y\rN%52\ZS[ESUktI:MWSRԠu5\"ɠ,N+6H\r<\Z`Px4HH\Z8O	Rɨr\raB/jQ	Sa(}*ڗԽb43n})SUPf#L1J6mV2^jjaڭU,L1J0{TfjTV2\'Ҙb6ڢhEP0Z\rD֊`gu\'_thr@WjCejZP2*fXJ\r!+x4jilӃUpr`585UN\n|ZJU_6->P.LKJ%ꐖKE$U?66syOͥ=\Zọ̪eeCђ^Z9ziz4*\00,d	⡀j2ieXb^ga\Z=MF5\ZVj5DRT,jl1ұɤ1j&454c\Zc\Zq5\Z1j\"ij2j@i4idԀiӉJ\ZM0ғHzҰ\r4Jiq4ل>8AO+QF$!)*PRHDA)*@8O@-8b(RT\0\n\\Rf\"Զ5C3MrG3SG3S\ZWPi ӁL\r<\Z\Zx4pjE5\\\Z\Z1PS!2k\"\ZMUFѫhK*je5YMLYSR@JDRT+)\0*@\r2dU5*\"T蕌U*e*tAXc#XtڥD2 %1, ڬ*\nPV2-ǥ/AN+?hQ0{S\r@0(=#\0p*؊\r!WT+hɁM n*dUdOPmWQPaY@=WsNWqU\n櫹 qPw\"-R;T10#DZ&7C,yyX&9QUO2ͣo/T<z|bޔKT|J%>-(	}D//T<_}|ڡ\07ޏ7ި֏7ސ|zO7ީy,oziުoS`-iZz!Ld5zE+1sM.j(iXd2	2	Tl¢2m\'MJ*aQ=+\0jQ*l1jk=FSaQfX1٩2-	A4j@	A4S`i4E+\0M4)6`INaSI,x*J%gŐԡGG0R諭e.9RT=(zp,}VJX}WF ,}W\rN\rPۨP\ZMiA5h+.3QJ\rM\Zp54hN\r@i@ӁL	T5 5iŕj\Z+T:=RGE!Ѫ\ZVI#ҭHE5b28CXB̞\\k\'r@z|-u?DPcPlPCU(g\0)?^45 0\0Oğ/?Pr:Ƨ@}+O>&\'8֝\0)L?\0T<M>~]NJu🉺?\0\0\'/:\0eY:]8R8ϭN=k.%	0Zeh.%!cz,RH\Z2g\rJe[Yy-$unVu\"s;h̎ߗe\'|z^>-ô{8`\0 \0?(x\0XD|OCY\0\0ҏ(x\0<uCgL&\0\0tހ\0̟.r3И,k?`?`?\0[A\0?ŀ\0ßzIӚ\\9\0Cy\0 \0S4\'?\0XԈr3|UwϥqG*g,i\0UkEu#:\Zk?ۧ\"(Ͼ\0TgK\0X!=:gϥWrkoF,砤EyzVdF9.p{VNۋCU>?O\0^Ƙ|yr<)#\0p4OfUVF\0J͓7xA?Y\'{Il!g	Z@ǀ	bFtN«;PVukkWv;wj\\	j2i9RPe =@˃G3a!nXm!ֲt͋VR6Rdʌ7[5#º#V)g~dd׊MVPnarXSZi)xn23j^2ىŢM޲.uXʯ\'ڪVUUI)[gFBR?E<7:,R\0ok\"}>?Yq1r?*oO5\0ajAZa9Oh?{Xυok\"ũfÑ?{tTg}g\0\0Zk d_YصYqr1{tTѮg,Z{Z\0_Y\0>F?s\0tToʙ𶳃~uhu>-G!9XSK7OMր9ư\0SYWuaKif)^g׊q9>-YzڼQ,X0\0z!9Yp=ioz͊ZFȐdN2֪H,]3{foze}\\fozUL%+FjUҸJB\\\\	L%DZZc$/Q4\0M4	R0&M)4jXRi\044@i3Ji\r-\0CIAi(&hXzP\0jP\\zP\0jP\\DjP\\CTn2`ԡhCRQ\rEL\r(54Ԉ4H	\ZC$5i٤Pj@x4j0iAӁ$\rF\r(4\Zp54j`*V\rZb-MZF~\"]Mtp[iMsxA\0\0&tE\0\rgWw>,d#GbAyW\0X+rB^ö:֣Y0[6vùB3p \0\0\0T8m_\\Y)ݝ	X3|\0;ax=rjI`{*S ${P+nb9\0\ZYH1Tң$p1ʉH;\nE\'#ӽ!rOԐ\r5JF	.dx/;jyh	sZ>y !N^f8\0Oj·[X}bS;߈ϧAP_\0S٧mgfWl#ǧ#QX\0jl촻6x\0שPpO8<SJO\0\nͶeH4Ē{\0XR3&A\nTc?_Q@9!C+3p\'X\'SXvNi\'\'HzT!zl`\0ϡ5DY\\$H=N~Ȋw388.W5+9dgZ\0PpQt@ \Z\\6TrZS*8}h<¨A<{8AWPHpZ	\n Id*p\0?Zl_y8!Nӷ9<[SԒКWr>WHm+P,?>J.5Ћ{2?W{|_9OLW\\\0mt`sJ{TSa	o0eP2h?^<܌NxW3aOeAy=WHȔ8L8k<i-GB~ ;[iKANx;zچjBiM0ɌRi\rN fk*nhq@#|0q(=T\0q\0WNM <^9ۜ`\'\\6*;8%${>RǩGJ@&rŭd\0rQӈgT95wgrkqּᾊz͝(zI)?kJ#ltj-֯#[YC${aWi6#lc_OSپI98[s;&\0Njwak\nWB0@8#.X`|81:p\09fqc=)IMU2\\F`QaiB#Aq\0yݪp2#\0I&,tA@#12WI0\r8=\0¢RsTI5m$6$9L!pI\0M!,*1:\0-@B]$pN\0Z@TY<Vz`K<X?%G	\0S HA\' o3XJ\0f^1J#iMy$fjd[n83\"{)+w\"CUKfH3گfFoq饩iKS	&0)4I44Bi\\&M!4Զ1IHi\rO0\nM4C\r+HMi\\\0Bh&M.`i4I\\i4RQ\0M4R4!Ny43Na\r0RwiE8Qp\r8\Z`wҊAJ(J)Ӂ\nQM\Z\0xiAZfiAӁfӁN\Z\Zp4x4%i҃M1O\rZ`ND>,k&T54o+%zSsQW`=ZjwMv\07]̽/Ot8mb<+д2vs/R\\z;#}k̩79\\Dp#\r1.6pyU?> bό(88u\'ޠlx}3J\Z3z)DO,).s0A8\0GNԲ6JN}䞀䨼r16\0XomI`IY16\rGM72ynqzXXcjc\0p*|98T\0-8$QptazFԌ2Oކ\'+1b\0\0H8T@>\\=8ItFzg5#i$IB#FH8Z|\nΒ@PۜS՘)P~@#iqav	=((ǽ0L?|h!åQ#ĂX*BJHc?FHے{r)ɘ2@\r\\ˀđ(C\083F8bO@.UYVsR	 m3\02\'*	O!,AӊCq	 (n99\0£c\0)Q$\Zd!u?j߅\'-ce\0޻Hn}F;>k v[(= =M\\\'JdP8\0e9)A\nYՂ&A zW$g!\0W^0-+v;#ƒe6`LzTjۦGզE{)	4jF4i5C\ZM5iREA\0\Z\"S?L׉zRtFq#\0\05\nTܖ^mMd)!=A%^\0I,\0qY=ǚ+NGNiacBIVUzg#$$g-#1\0v⚀v	=M Tبi@F\0@=zP\0A\0[ҘX4Юv	rM1䀬Oo_o!T\0N|,0L.Ҡ2E;VS\'\0\0ŝ0\0c֦pc\ri\nʥ̙ ⑆$dds@2IP}fp}{i@*-!#!:v\0K!8$S@9H˶O|4\"GO3Fs<sH;(\0+@Qʒ~%瑅@yx#\0Qp~:R#@2\\Hǁր\ZF\02@U]\0+B(9\0?Ҧ g?TH\Zm [H>g^&&5_J5MIBj\ZCA4Ҹ	40&K\0J)	\r!4HM+\ZBh&jn0&\r!p\nnh4T!.\0ih&IJPh@)8]2H<\n\0)r1\\QJ)B\ZpCUq\npJ]r]\n9@ANbQ`Nf4fj0isRJ\r34њfisRKfiAN\Z\0\Zp54i$8\Z\Ziv.\Zwk5WT3OLm{5D-gaCҹ;qmr-ՙ#~fuˈu{WZggqD\0W-jvFSz*ϓ6\0>,,1M\"~p\0i6x,I\0?`YQn?RNT/J]G2j(װFA|H$\0$\0#o<]\"{wG#$g4ԼO*\ZΨW5kzxċl-˷_ǽvzE2pʠ(<V)Ȕpok׉/,2Ո;ۆ=r[w]~?\0F@vMHwOXy޾\\V)]#Pb˓\Z]/K<K8<g5I\rNF|bYxycA{\0/s?#m\ZիK?HuLgkwY4`\\nU\'ӊ\r;T&ݬcFR8Ԡ1DeKRo_Қ6)kz_kx\0XZ@5>櫮Xܘ49=fE\0kKF+LP\\	3\Zlg=ͭdYMujͼy}\'IP3\n?Tx@$\rouV8gԟ|6x1۬稔ſuLIMuDۮ|?獸\Z> 葨:fla4,;A>\nmX\0#WIM3pjz5i?5V)ll=`kE!s˱Fq\0=[\ZST\0ZkءԴo\02WVNk)B0j<<z멣x9\Z#Z[/Mk(#OPўS$zOSi_m18q#?͇!Tgu=[\'|H𖑃j{k$!\ncGW|;ڳd:[5MLBP1zV\0q#hףiGwjc(02O!|M\nm\0|=rbpM\ZB\\rzK\0:pJf[#^J8\0Z	9bi̻q~UQ/㔐5]^5<pr=s\\׌|;M\"9].	\rwBN?Z>$\ZR??%=dFa&3>Z*2[uYi6V\n¡aPBj7~)B(8ޘKw%d9WSG5WS[閶*J̒eO9\rz<eem\'WQ+X+CƭxP+juA_];_1WghyalU)<XDy1Y.YN׺ Ոx7> ?ۚץ\\9ǔ)<V|V/ve	q?_ƋǰY	8-\0Ƥk\'^OkmɇXՔ\0-$V\0EB&waY!	:q\0O5^\"@WwU=>\0]6\0 =\"j<J#<S]KMu\\z}\0ƃq\0[\0u\',i%#]19ĎN\0%c(S}GJ:G}gV\0ު\0Ʒ<H|;sʷR{V<|=[T~4ᩛ/\rj\0G5\0[\0_B>t?Zґt\n|eo@ֵ\\]_g\0h>rX4aG`hp3F:kZuֵR=\rB6C{}M=nM?g>O֫\0OoHuֵ^OX%n\0+:S\Z1\\bgKc-\0ƏOHXʰr@1Aǥ/f[KaVIBkD!3HMM.`i	04ISpiBi\\@i!4JCH\0M)4\0\ZiN4րBR\Z\rƚ(4@	IK1@\r\"\\Rbӈ*\npdD\" AOJ;\ZS\\RҸQEZ(+\\曚3J.h74f3M٧fc3M(5 <\Z\\yKfiAJ\r0\ZPi\0iy$\rF\r.if\n:7]K*rcQ2ڵԝz >/U]6\rt__p*ΤQQW:x}m(uLo9au?]BJq~`\"6.sy3k\0	qۭN4ē$Z`%݀FqqR8F8\';j\'=5HZ9[-r\0\0տֻkxsF}<8Qz^#eγ{xǦ}>*⹝-ޘ#UQ+YL@8PDQ\0*f~5*10n59yW=zWx(ǚ\0,zc1ԌJ*l@${Rrq\"1(:-g<sW\rR>ף`PY_xSYp9\0m^asueY?u\0WFxb8zF(U9}?UR0@\'\0bx[^$3B.B.-ў\0QkyT!rR4S$Ɯs9t\n\0y$*\'.we$<n<TJGM@x>Pyb}TI2S<sTd2H/lO$$RV3Qd5銮\r|.4۷0;ry&AlO rI@Ug\'pO;\0@UȦ	jJkUCt37GE\'(p꫁\njr[09#?>\0OUi|)){\\\0HH.9\\\n¤pIӃV_i,{D=Ed.\0}W;yK[MBcz^\0*H.mc3c)CW˲/Dq~MD}ԗo\"ES#\'Px_BmqVAUi$LQ+;%q8\0¢m䏘SH>qTR\"\rj$jYO}+ErG[#n %!r\0w9;H?I!؂i,6*vJ).udPUJ\nE*7l򚖆gi1\'&?ٯc#rI\'Zp<?^!ڀ\r6\07H sqH$SV$\0W\0\"y8U5D7pDMb.sӾи?^vwZJJm;z%ȸvx|n8|AA\nO7xME\0Iנb\00?N\0뤈$Nw~E-qN!\'T|\0Ӝy \0JjpH\0L1;G4-=	49\0sz&rI1Jl%tV\01S\0w:ƚs0O\'&m3Y79IU)|\\)QT[o˫6&xh}WG8#\">To$.MvKFu`?~qRIDv7<b`@Rd}7UKqK23WA8\rB<\0۟N>x\ZNkI^v0=AG*y+/lB 	S׊\rc_.tN8?x1Wt0\r4җX$j!Ji*@\r4Қi0C@i)i(\04\ZCH4B(\r\"KLQ`\Zi\r?bThNFijmmPbiQ  hj6Si|RЌS\ZP+3Fh\nbѓG\\bRъ0i\\BsF)أ7RT`QIR曚3RfsI\r.i4҃L\0ҸǃN\r\0?4Sf9c\nf\0u56xVT[\n5).5VFӿZ\"cs^v%Zut(,yrNkqֲ:\0cS/S>	89+rw6l\rܞr>؅OhJJy$Zd`wH\".Rp@\'MJ[,pHJqrN6y?y/KQ87IQ./O/PxobtVdjh\0>Jˎ8Wm[Va\'rjs?gWRdH0,GSkC(	ώ\0zГg^U_H(LP~iF`j2Kd8f?|%yNե\Zہ^UN7	_dx3^mh[S\']8)ͦeQWx/,%)Pe\0[WJ,:Ղ\"gIB~u\0OqmΖG-~ֲ!&R3ke|O\\oOp.?k\'1>\\U	</uWB=x(}*Da+u6rXSL׬axܲ\0Z@:+S\n$R%9S5Ko3\0B\\~6\0J@Z@Ts]qܸ\0\0?>\0`\0׏3P$%Rcu9\0V|Y5GGLW%IzUI ޚhвwc:;_6sFHce|r~mc/O\0R-?&vT̈́, ,!xN]1FǨ\Z0?\0~ԥW\"ky	cFC>V@8RA.͌i|NOZ\0m̤`Bۥf[ipz*KdJn\n#1%rp8Ldd	\0dp6y99䑓Ԕ0\0!p?n\0\\İGرֻLm:Čq\0`,*HcC`Ҭ0+ۭF8}Zd*;]B0XR\nAQ:gReiq>!QҺXq`3y=VOC^$zxjH)b1O4chr\'JxPy4{H9\09dW` t?>\"W ?}%~-# 5\0er8ta\'b*;#0{^C4g+$gH<׬rt\0Yl0W5B};p}GSޱ!L%xN+Hq~r/fx.`	\0x\r磜zjԝQt+@Ŭsg)$\0ulFQ8`F~R9q\r:\"ң]:Tr\rC5|aՁ OZWTd^3\'5rMb<OS8~%twY5<+C Up0Q10Pu%[GjTRm\"ӥ oaI8*cNLf!F1^C-]}Rx[!`χ9\\\0E\0zB5ݓ* ?:23zn<\0}\n>!xo_h.==gSnJ1D$5f\'rp}j\0CA>]TOθ_>mb[\rB( aY{~G?zR	JTFX4ȌiSar)W^ƣ5x{2gHlHHiM!\Zi4#\nCKM4\0R\ZZJ\0\r%-JLR7bSF)R\0\\RhNCBSE\0&F)hfJpZ(rӂ(8KI\\&1JM!41I!4M&\\8M&sHZnjnњLf?4d3Fi\\CJ\r+PiP@4iAc\rMoO0@:ij,15Կuz^\Z\'/p&OdH߅S&JӐ<\"v=|/|1@s$d<dVeШ.(ˁڗ&5z<mb.X:xJx@\0>YeP\0\0\0NG5#P`I\0t\n0\'8@>@PNOA@k֞ѥ\':#\056\0iuI4dgIܶj-?+\0s\ZnNSr$*@i+Aܐ\ZGcMP`i|6R:Ԉ\"}k\0eg6A<yg%ώ,klb\rN>&ΈDAr\0#rrqz*RA\0H\n+(co,}jshºcOj7\\8+8\r{)u̑UuJA;bң\'?otP6\"Q</{`wlԃ>\0o?ƻ\r|?cQ?\r\r@?_t}z]h^\Zym\0֥#\0[nE\r\0I\0(yS_\Z \ZV~ăק^P\'\0\045\0#R_5ݟew\'2?8Q\0%Bú@!e\n_`h[vg:\0)ռ.A,r}g_\';[@\n<tP<%v\'J$?˥^٣Τ˶NcO=?ƦShRk?Д$n?;Q|9:QbwnQT>EiW	X\0_	5Z?!?ƽ6?tA#?\0BOOƞ\0wrأ/ߕ\'z_]Jǧ:{k>ͦܳصMpɺ2w_QtwYդtp>ۅZ&dlmR?cV?HJ@$cBJ@`rFI\"< Gqi 1VC\0#RFBRGL	)^Eɑr9A>E&26nX&:s d`>VE(=fGr7(/	=sX~$ѧռ7wkj.H\rϽtSD\Z`\0(w(:C<|_jb/;go{V>$وysktMitwW#k5)\0`i`6GyG׷jX$s\'~\0/|1\0A?_񮥼#܅ґ#\Z/7`\0*>؜?\0\0\05؏	p)΁p9&3M>$[<Si|3\0?֟Ƴo06*^8rYa@B;ҕ<%܆:Wq\0a.\'{nmM6>]UA{^Ȍ֒!N\"*MzJcebFING4!eANq!1$8 uUnKq+KOm0+ 8rk k;i f<=l?oB\'$Dy\ZχLc̺\0]TZ\0GOlN~urSeOjx>~o6h\0H^\Z\n\n{Jb1(<7\0ăIr>)<dlu㋛|*?`\0j?ƽIᣅ҃X_i\r\'(n?v*<]CAbJ_@=Q3먯_>є#$(_ҘߒIF,sK2>Ty]x*~V|hN|Ul>i$ry\04\r$c8R7,xb)	Ѱsc;B1O(!:Gseҗ}ǀ܍?0a 5Vh$, G9Rˠi@8|zUm:Z;Khm<%Q\n+,Q2Deu3y@3n\0#\"2XNzd\"[NB)ƀgN\0\'j\0*:T+qpGN65h:D\'p?uW]4;~#7@ϝ]\Z;wb@0\Zs!WڴVؒ#ML4\0IJi*FJi*@))M!Lњ@-Sh\0Z)(0(ȣ>Rp\\Q.KJ\0t4f#Inh\0;4搚\0q4L&hI&i4q4iSIM&CM4Bi3@fFip4E(8SE8\n!E:\nxj\\\0\'je4I9ZuM/\'z>7<T0	cS=j%݂>e)|U}vJG)wL5\0<mVA\n,q\0\00P̤g^~}6آP9=i<A={ՠx$:q&Ir@946\0;^e[ŭÖR(\\ܺq{vϭw\'\r<;=\r( yv\r|k\'+銺TI$\'dMHˎ8\01@}+ާPg+f#5pAOVW)+!xQ;$%\0S^c-zRg˒3uu_7-QOm??a.H\'\\,q(Tfc6$ԍO3Jޮ\\*% 6E<8LPy?\n;QŜ\0x\0GEo݆px%p\0$\0\'8wa\0p3Ԍ|1`WH|H\'<ҔB 9=j)X)bH\r:HI\n1L6\'ҜSnH\'\'8\0\ZqjU*[i\0\ng\'\'Ҙ< z`Rϔ=AOBpv2	%n0qӑ@</C2RF<$)ʪ}\0?J\0.QDYF\09yc  _JzIu.\01\r4yLFA!=;Ҹ@@5 S41p\0~\Z<=y4WsޜȒH$ s֥\nPn7piT;}8w+f~Rp}yϊ#On,ǐrağZ<QxwDԧ#ˉITF#\0ꯙdGA>;+\\g\'ʤB&3\0\0q$`gx;V/pK#Y=Go\0p]P(8⡗r#N2~\0\0ϭ)B\0$b ;/ =\nCsy$\\ |d=5!<ڈSHc+ڧ=OZ\0$o9\nG#O?Ab@$}jf\"ܬA TI,$qyu$dpKFsJ2pHuCn	0q4\\dA)%LCi\\ 0iP	R8\"ʁ%zTл*,098DI zt	<YbFiK\00oC`G(h;dR3d \0q?dV#\\&ūk7ߧ\\)ʻa8\0}=YAtifx>F@V[<JbX]r[(0\0ߓy,UvrA$LXBA]p\"r|CU$vUd\0bOiBrK	94#B+1$Sv@֔3ࢁ׿4Dc,8\0n\0M\0!\0+?֤ 1MF$t4B \"f\0H4\0l8>`Ȫ$@ 8&[!@MIN\0j4bz2?\ZP@V %#X(JU\0#=z\0:B$i\'+F[#o\n-\0`	aQAq1D\0` zp3B0AnG\0W13+\0\".3~|HSKCtSO]vc=9μ#Y`5tq-ItUPzn5Fi\r\0!Ӎ6CIAԀ(\0(@)h1KH)h\0-PE(P0\0)q@.=;\0}h\0zS4M\0mf3I$4gޓ44Fh&̚BhXqjBiM\nM!4i	)4M\0?4@`4)j\0iSTʕi!5 CS,u*Z+MH\"8YXQTV$ʼx*F砯gGEG\"kz3{׋5[jֶ/lʳ*,)86:0#)2n;\"1 \0n#(98\0 W-\0Eq\0OشRsa\0nV]wu؄c\nH9,#K&\n?U\'/輌gʗ\0ďKK{}>Sk%h;<J28KFcZ7lIItQrj$=+X|fLAOU<G]3)}!VPSڋ[^vV]%d2S/\rMM9˭{,E^H$Ax4SYV>[E0Fe9xsÏhK\0ׁVwGLZ&6fT\'i#t(8^>4x\\4BLR\0k|gk``爥\0㕟+3cV<$~${<2g=?\Z]>â\0K\0)ŎZD \0\0Qq\0[s$j):$HW~.^\0~e\0\"Sux?a	^%5#3,`P8wiR?9w,tO7\0,%t@X&\\\0i1&ߖ-E\0e<^\0>7xse/?4N	#R\0ztY	=(ׂo;ltl)x\0Ȕ?h\0W7\0f\0HF\'?jXu\n&^~4xcG\0>,*ls*^?%`{V@R0ڲrC^^~3h/<T	?aюq/zSw\\3O$`ԭv	\'H=[78K\Z<Z@p\0yR\0tj#Z)^C7`zc\ZλxL7ڭV.ry8QԞ:\n5Bgk|#aWjԮgH\\3{S%-\Z-]xF{M4(ޥӴl`e֨`;WC%+r\Zv\'[{$eF¿?̶Z$	sy՜7hU}k|,ē8=EsV´3阢(A :d\0ZBfp+ϧW͖>&񎁵-[#z7dm\'/4w#?\\]\r.w.L,XG\\q4B|f/\'N?\0\0ĭq\0jTú=Ղ$wb,{0GNk$ysδD\0C(\0rKAIaYGcR\"mfr$\0xhܱ6z1$%&\'\0C0?crF8_.IH-\'#rI<]>á\0\0v?E\0R\0CȀuEH0((7\0c^~1h1.lu<gs4-?\"Iv2=[\\,pBy\0\0}!%<9;\\\0m=V?\\u)oBJcD	:c]JFnhj<\0\0i/{:TBJe5}~mOJc-[#2,$Ek\'_?e\09Ak\r3M\0(2\'`ɔM׃.\0B?K\0\'Oǝ\Z Kc=AT\'9dRD%3X=ZltNA\0\"Q\0Š`cTrLGQ˲K-m.z8\'^\0|\\wXgi7gs_\\\0Jb聣G$}\0\ZR\"YpIҼtNAe\0\ZY\"lt\\He\0tCAw=E[/\0׃*U Yh#\0Sv$F緕/\03#W\'\0,qG+ʹilq\"I\0;\n\r /?X?(\0\nAW rc\'5xqwK\0S2F\0R\0wD8<TwmD$pLTssWet\ni။cW-Z\06j/\0㟋1y4Hl:\0kSglwyIO9 X[*\n0\\1M&iBi	&J)	\r!%Hh@QE\0\0RRRJ%KHc)A)EFi(	.E\0iQS3I$I3I.44њ.ILLp4M&4\\M&f&h-(U\\BN*@*Ԫ*2%*-LUpRDEj!29VATo\ZAZɅOVTUY4O⿕H4O⿕\\%E!\0hhX**H$aF\0SWq\rF?bM\"4@QR`U)>U[L<W?JMFƗ*}\0tO⿕Dt_⿕^cQQ:u_ʘt_俕\\&cG,{3\0%oiFMO,{X%yX&M+G@lTySL&?\05\0jBi3S`#%\'-\0Lњ^`Koio\0<֗4i`--Tim\0<NE`$H!^NW1Ut\"zxz\Z\rO!ၪ@\\	LQ?@\nomXT@hg\0<6xO\rO\rJM\0Sƙe\0<򧆧N˰\\i_*p,U04h+\r2x/Ke\0<Q|/࿐r!QTQe.(Xp~SKR%)>ͧZ\nU9jajag\0<W6i\0<W6jaxQ5_ʬT,Դ]G_ʡk+o俕YfYhf\0bkK*\ZKk[AV,jtkx*f5\ZZ0EJMFƣ@ 袓\0tibM&i*n\0M4	qIE!4\0M!4RR\04@њ3@4ZLњ\0uhfPi)3N\\\0\Z\\\nZ\0Zi)s@J)\Z\0u-7>dz2=)>?>ԙpzLQE3Fi(4\0LQ@Š\n(B\nx)UrE4\nEPQS(T@*\nD22\nEB2LQQ)TEJ\ZH<\n\Zx5I \Zp5w 0\Z7U\\	3HMFZP&Z0jaj	ɦQA4ik\Z+\Zj&45\ZW	&&BiғL5#iҚJBi	Ilb4fvh74fx4j i\0iӸST\njE4`\Z\Z\rJ\r;\Z5@\r<\Z.Ԁ\0X\r@\r<\Zw`iCT@Ӂp%uLL!4\0i	HM&QJMFMCcj\"iI61LiXLjnX,ij575\Z{\Z+5\Z{*&5#ƣ&ƣcRI1Q1I&M&\0i(&b\ZJZ)\0SM)4CEHh4(\0Q(PFi)s@p4҃@\Znis@\Znis@Zm.i74\0~4s@(6Ոv}7>>њ\0\\њnh1`\\2)j+\rGN<T`R-B\rHSUԪiSUԪheML)UYSS)*R`YSRU&\"4X=8?Z`585VJ`=\roB\'/M/P/V0F^^	SSSKSIɤ-L&BiM0@4q4Haa,HE<i\rai61iIP4M&;4&i\\\Zfh\Zp54i	AAp&ޤ\Z\Z\Zx4\\	N\r8\Z\Zx4\\	QN3L?4sIwI&M!4)4h&MK	Ӊ1cQ1\ZHƢcHdlj&5#\Z!mHڣ4Qj2jCQ\Zi\ZLCAaEj@\rJ\0)\r\04R\Z\0(\0L(Q@\n)E4\ZQ@4Zh\0QMȠ\"Ph4Kzn7DKϽIhNI7PQ4&Pj0h\r@KQN<\Z`N\r<\Z\Z\Z-jZ-+TP5<=PUzO@A%QShE%8KTD-Zޜ%\"Zx$UhEz]h;7ա/P/M)zij!z$-L&ZZq4i	Spii5-\r!&MC`M)4j	a57	-M&)4i	lb4f?u;5iAp&\rD\r<\Zw`i Ԁ\\DԀ ԀA	A@N\r0$\ZPi~h74ffiM0BiPM&ZZdZ-PcQ13TL#ƢcNcQ1Xlij\"ii54j2j@i5L&\r5	@\ZCJi\r&MQR1	j@CEh4)(4P\Z(QE\0fE\0.h%\Znis@.i4\0ѓL~MfӰϽfӰȣ\"3E7\ZD5\\5is@Ffh\0I3L.h҃L\0҃QӁ	CST@ӁT@i5H\ZT=8=0-*zpJpީ)Dh_zx@]SĕH=H10Iޔ=UFZFW}`4C}MC}O0X!j}&\\JZD^O0SKTE62-qjajizc5MVja4Ilc74flbsFi\\Km(4NSVJ\rH\r@\rH\r0\'\rB\r<\Z`N\r<\Z\Zxj,\"4jzxz`585VNNYJTUѾ \'/H^/M/U`\'/M/P`&/L/P`J^^/L/PHQ3ԱQR٪\02h-Q1Iɠi4CLcJM5@ƣ&M0iL4IRRJC\ZSHj@\r%)4\0J(h\0(-\0`撓4vh74\0nf7SsI`?u&nh0\'ɠ\ZJQV!sKh\0\r(sKH)@N\0)h\np4J\r!N\rQ\Z\0\Z\\[7SX=ӸPqSNXOUT\"z=T\rR+sh=8=VNT\0z7)ލ[}깄YIޫ}.aر_&\\bzMO20A0/PK	KSKT0FZM\' ZM03SqLf5\rњnh 3IKi\0fRfTx4j0i!+T ժT!ӰRaӃpԡzPoLE2[}!z`X2R*zBr7r	zizL^^2SԶ2RzazFZ^ZZZZZq4ɩ<i4i	\0M!4M1I4RR\Z@ĢCH\0RP\Z)i1HJCNK)SIvSI\0m4\0R⒀4QE0\n3IE\0QI`X\npUh)@\rP)q@(R	F)i1JRQJ-p4n?4fԮKfh; 4\Z.\"`ii	ASO	STwU\\E7R視}A\\\'F}sѾF9PuM7Qp%Fus}-dp$-M-LpM&i4IJ)\0Q`(`b KIKUa\0QT\r4R<\Zp4h\Z\Z\\Y4u,M\0K}DZ^/PN^@^^bs\'4BZ.aJ^^-HZ%/L/L-M-R2BilM-L&q4h&41i3IjJ.Fi(.i(((-&()\r;S(.(\0%SF(?bbSI\0n)f))Q\0B*B)hSmøQv)1@	1K1@.*!\\Qp\n1N%+RĢQH\r+fIJQE+QE\0Q(Fi 4`Ӂp$\Z5&\rJ\Zu;.7T{sNI4f.hEuLњu(j.KfhO7Q~h74dQ1f\\q3IE\0.ii\Zh@:\\R@&)qF)qTbS\0.*(3E\\њJ3@4M&)4ԄI-HZBjnSsL&!M-M-M&-L&.@.i7SsHM.a&ni	\nMISqh!4p4RQ@(RRES\0R⁍Qb1ObSF(Q\0f(?b1O`1O&(ILS\"SF)&)1Eb1E1F)(?b,iqN11F)xLQZ3J&(\0-&Ť\0fBhhsILњ\0\\њnisHf3@Z\0visLӸ.i拀\\sFiC4拀]拀ޙKwњL4Knh\0;4ҊaaR\nZ\n)SX\0(S\0(RVP\r(Qb\\RS1K1K\n)qF(1F)qE\0Ji\rK`4M8MKc\ZiӍ0%4u0\ZJiR4HM4)4MZLf3I)3HbI)\0QE\0RfHNtE\0RE\0Q@\08\nJu\0&(--P\r.(?qK\\Qv1F)qK,!R\0Q~(01O&(Q&*MmmEmjLQC\"I&*@4fM\0њnLFi7P\"LfF\0~h&HM\0<BiMM!4ff`?4f\\Ҹ斐\\sK\0u.i@-64\0\\\ZJ)6AJ\r74;4f4\0\\3K`;>Թf\\)sL4RS)\rAKM)QN)\0N)\0\nv):1@Bb`Q@RR\0JC\nCA4\ZM0ӉP\Zaa5 !I`4\rC\ZiRf3IR0&h&h\0(\0)3ELQ@IEZ 4u-%\nZAJ)Z\0LS@\r@G1O.)ʹb61F)\0Qv)qHbm.)q@\rFv( m?Pxi\0RbE%\ZE%)&uEԀu=ԛ\\nRn	sIu4nHd34f&i3ILf4Pi\0iif4\0Fi\0h4\0\Z3@.i\\sJ\r\0.ii4QL43@K`.h&ihf4f4\0њniix<U\0N)C<S8\Z)\r(4x\n`4jЇRh4\0斨BIZN)3Fh4R\0M&i\0Ia5\0i4M&bM&M&ZiI`\r8a5b\ZCA&h&4TQE(3I3E\0QI@GJ3I@(E&h!sKM.ipӁ!E(48S4\ZPhONJ)-\0R\0&)PqE-% \n(\n(!\0\r4\Z\0iӍ0\ZJu42Mh $Fj<њ@I3L3Fi\0њfisJ;4fZ\0Pii )~h 4Fi3K@ť6R\n3@\\Q@\Znis@is@40撊\0uis@FhisIE\08\Z\\3J\r\0:\\\0\nJ!SE(@H))Ոx`N\r(5H	\r(5HCQJ\rP\0њni3L4њ@;4h&M LsHMKIHM!5,`M6i5\0	L4\nM0ғM&\0I4CM4M4Ģ*@)(Hii(f\0(\0ffI`--\0f4f\ZfisTSMǃN\r(4x4j0iA	i拀Q\0(\0\r%\0(I\0&M8\r\0!>M8H4\0h4HfFh6;4fK@.h%-\0-.i(ih))hhKHCiZ.iicKm\03IK\0ZZnihiA斀E&h\08\Z\\3K\0u4\\f\0\\sFhRRh%fSsN@(\nh\n!*1NHDө҃T65HFij\Z\ZuPsFjvh74fFhJ\\RR\0A1\r%)SM=*@CL4)4RCR1\r!4 !4R\ZTJCJi)\0fHi\\QI@(\044\\њLњ`RfHM&h晚\\LN\r.ii`Ӂ	\r1\r24\0i`Ӂ\Z\Zp4\0њh4fsFhh)3@IIE0H\nw@SHAàQKP0AKEZ)1K@\0@-Z\0(QHL4\0E 4P\r-6\ZasKM-\0.isIE\0.ii3Fh٢\\KM\0&hfsK\0uJ\r&iiRRZ)-1\r0RӁ\nPjЉQxөLњJQV҃IE0PiUq(J1KI\01IK1RH?b\Ze>)SȤ\"HE<B)*B)TE!R1\"E4@0E8m!4E4\rb1)\r-&(\04))i)\0Rfh4\0f3FiRh\0.iA\ZfiA҃L\Z`H\r.i\r\0Ivj<$\rN\rQf`H\r.j is@3Fi03L3FhȦ(ϵ34@>g)(~zdPR\nZbQ@KIF(hQ@EPE-%-\0f(\0474u-34h\0RRPE744fE 4BQ@ZJZ\0\\M-\0;4SsK\0QKI-74p4f)*-8\Zm(4N)¨C\n`4j>)5@(\nh\nif)U8\nANW\0RE1F)@RbLT+T\"HELVVH)ZiZ@GiZ!Z@BV)	Z\nԥic!\"ENE!Z &*R)P1SqRE!!i7E!n)1JER\Z@%%-% \n3E\0fJ3L-\0.h\\(4(4QJ\r;(4`҃L	\0~i٨f.i4visMf3Kc2i4\0\\Zfis@ǭ/њ\0v})\'bQE-\0QE\0\0QEZ(PEf\n)(4f@-Rf)(\08\Z\\ihԔf4u\0-04ihJ\\ZJ3@PiKL.h٥\r\Zhx4iB)E2\rPǊpQLCNWKH)E0S (RN8S4O\0()CqF)+Q~(ʹ*LQ@FVJV !+M+S\0@VV+M+HJHH2TSH\")THdT)\"\"\"\"EHHE:@0i)\r\Zi\Zi\ZiIH&h4\0斊`%x4L\r\0Ӂ4҃@Fi03M4\0њnh)\0-4P43@3LQF)k!)h\n(JZ@QE\0QE\0Rf\0\\IE\0-fZJ(RRZJ(٢Km.hSsK\0ZZJ(sKIE11isMR曚Z\0ZZm.h\0(4\0\r.iҊA@4x\r8\ZLS 4\r<US0SMwNNWOONS0\np(\0\np\0)qN\n\0n(?b#\"Ei\nԸ !+M\"\"E\0BE4iTSH\")TS2\")TSHDVEJiR*R)PdSiSH1SM>j@a4)HiM4\r%)4\0E!%a)	Q(њ3@4iJ\r0\Z3L	\0~iAJ\r03L.h晚Ph٥34f4њ\0viE74f)4Ef0)\0QE\0QE\0Q(4QI\0ZLE\04QH4\0RsK@KL@ZL@Fi3K@Kh64\03M\0:4\\Q(!sFi(Fi(\0;4f4PJ\r4\ZPiN\r(5HO\r:pNR\n\ZM\0<S0Sc8SE<U\\C8SE<SNO\\CMN(H<\n`\0R@)\\?\"!dSHH@M\"\"E\0DE!ZySQHRaa!P1SM0)ia\"i)\0)i4\Z@4RC@4RfE%(`QI@_\r[i%u4Xx\\+.\0	fWH\'dm]w_eҝYTJnLrB]֧czZ`<p*3ȣh2|dc\Z~6->:Nɯ-fxPCUSF>sяk-$[կ.!/I!|#2+0F8^qj~5#ԵMKQ[R0	<dNs[&w-M\"Q4f4`&|%n#}J\r\r8<\"Qx{5-nvUE9S\'ޕ|]nVd{=$UȬc.v-sWQXcX8	\Z\'&?~$.;IKFQ	IxӴBxF¾	.<E3LG#8rr}+I[;[ˍyIn6\\ĭR\0ƑM(<6hpzss=m~U/_M4c\07\\xJ- |kJ烢Ӯo/5Tp2柬$l5y\rϊtH).r\08_u2b{K5V\r`L\nO!EԺ70bm$A<e@l7nsKL47|9úuK]sUIEZDfq=zji_<aݽZKod#p9W/Qt6;{[ۉ.m:;np<b<SO[wFX${G`:9QiM?A,uxKfYa(Q 5|\"w,Qh*|/,3vVJs^\\hi\"4mǮ;[\0d/Pwn\\\rOddcIbxQ /_s촯ˏuYGzõQ9zK޻LҴwH#ct&v6cQZ0V<9}!R\\ep>n}ZxwE(,1xw\rMIbl<OAVZ#8+QM7tkNk,kxvܬHϦI땏:jxS1EֶL%ݜiY/mox{T{B,r	0լ<?M>[K=c*zu!VΚ-L\0~pF?trZSҮ\rrV[FT(;rx}jw6sAD@$튫H^~kN\"M?w\rIQvӟýxCu[,\"|yc8[^(αV=BAhpXw~E5'),
(7,	'jashdk',	'ajdhkhd',	'\0JFIF\0XX\0\0\0C\0	\Z!\Z\"$\"$\0C\0\0d\0\"\0\0\0\0\0\0\0\0\0\0\0\0	\n\0\0\0\0}\0!1AQa\"q2#BR$3br	\n\Z%&\'()*456789:CDEFGHIJSTUVWXYZcdefghijstuvwxyz\0\0\0\0\0\0\0\0	\n\0\0\0w\0!1AQaq\"2B	#3Rbr\n$4%\Z&\'()*56789:CDEFGHIJSTUVWXYZcdefghijstuvwxyz\0\0\0?\0mu2I7t.>T@L8 |[5ɄD \\d>Ӛ׎#m-lmm0nDoNGyxl:&>֊w\0=N\Z~Oœ^E*%k.|3\\Zj7x?P*$S	F#ImM}-$0}O6MԻ>Kd6>Xjץ_~{\0jXv&|ocOJ|=q~lEXxo\rxwi>-=\0p~jRGsZT%Ns[ﴩ)Zl!*2B;\Z\\|񯪾)x+M=m(ăGQ_2:,v-zzf8LMwV[~\'MJ.tt*Ȫ[˥a9MFuMZ9[m8sR[[Cڗp[jv,$z׳Z8Cyԡ:{BDI/y\0iŮ2dRd3z?=W|m8Is)++/<5R(Uz/ד^caPaiDZ\0G%ｵ<W8yuFdӸ.Fl\\wڣf|֮ٛk:7M{#O#fc>݀\rIr-V`#h=\nXU[},gbT*V֭foY֫>cJ\0Ժ\nJ\\`\'jY\0=d5\'kCͥ^|5]B\\Լk@M̬w\0ڳC2\nz$?8$Z\Z\"Dv¤ok\'8n:2ۣ$sӣ)\\6XaOq:8ԂR}kO)ȩ{h[K.VA\r/DI\'o*+ԦRpp+DS0֦is-CÚ|IEv\0O 	2Ic\0RsUFTTzɭo\n\Zht6[ߑcysY1+)迂^&h}ޞ\"OW1Z?(2#?uT߅Gu{ԑXn+p\'j\"ڨcz{k<޵h`t}ʅ>X+]mM/\ZRj3<h,ÌTt\ZL7ˮm%_qȯBu%sP95kݸHTS 1cb+56ILn:w<>bc2#j q_,x^5-Vyndt21Pr=^Y)!I\"69V+u\\/\"k8B\\}jtec1f%7\r-p{*Mu-oV71̇=c\0\\ueM\'>=jqpFkZr)&+\'BTkܷdͪNtc21@v<c94Ky$cUqsqy-̙rI\0Q*ktdDo_Ƞ)8/4P	rIrII$zcRDx+2Fz<9w;H<cI9v\0\r]KH\"wf\n3ޯxÚq\Z\\\Z32*384R%CUiӜa)lpsn%	+ʹUBL[u%[vJ\"k+G4nAByzý~êE~5䱼6؊FO:וMse\\3WxI9t6 ZT4q߈QfW\Zu9_݃}}6c{<׈ώӵ6Io.+]סv|ͩ^hZVwEmq1n gp^O4@sՔpv0zwo(Ԟ-MƝD-auݼIF\0aF\0oW۫أ=Ġm\"WD3xʻĭ	?7_f\0\' mll+Y#i3wVnw;Bx\\;U5\nDwGw|3ki.[t.%{WIτeUNqASz~b|Yvrj-6X^Y@=MUԼ=	l[P̉\0uoS}iԞ~n5ZԪ\'q}K\'ڡe<l1\"L\n޲]dKIԫ`pjMX&(f3Wj-oTb}\0CaFO=:u 2ynFr9ej{	#}?2$)nGT#fG\')*\Z+jieC6\0\n΂@x\\%F59\'E-m /\'ޭ뺎%ʥB\0Yb3*]b#T	NIƟ$Um23MGfX;ҵ,{XX~5g+QwW.#Iϭ7R=5AN2icif~f~xaoh_[[VUӭV<\0Ȯ{g^5vo8y^@I\0+^ú~dDuW+, _9pNWP$ucx:H.Q{s!: ^<{`oݷc}8㰵<ü[	\0^	oMmkgʄOk	vd\\ldIa[\\Wq<Ue~\0}ա%A6\r.Doepy~~37[Z\\AFzgךMCku۷ 373=:t+{\rFMrOiNlbgnp5*Tխ%[#hWn4a:xjY^\rl#p>oeϟj7$\'cM{t?:RZ͵eC	P{>S\"³hv)\0Yra_iaq*4޵aVUa~íj/#ILkx ;ƹe%fQ!_Pxz~\rXYբ9?1*NH&vF&7#Pku^rR\0[\r\nKTf\"?OZP}Lfyp\r8UKX9HO%2(1Bdc6(?p*ED=+p\\-+\r/m8M!ѓ2\rx0>A*G	nsW{~?5n@DRG\"\'j6v\"	9QۓRY]:68\0wK5{5I>y uMKG F7m\0ߎv:\n~\0IYi2U#?x\0<wk7,Mnq\"Ƚ5\nMBŭo?l7˸2lxg:9=Zߵ|Z*g,fԢn,nD\"~\\h5|H>\Z[[[X	Tv\0zwI|iɐ#\0:/[ ݬ*l:rz_6:,I=1	ucȎCH:+099w?|:~PrR[Y!O_Q^xۦ#uV8iM$o9p:p+p=dONyh}\'>-C\"]rx`].aRQnjfPn\'ɾI17o|bڅƧu*,Jdt~FD,g-NN\':~\'|C>{Sڡ7`ekZ%eݔk2YbDb ʰ|]&uI4)5aeF5{Z\'jxg5E*ʮU{B*D9Sbm&U[uUW#qso~SUpݸ\\(RebI!YsI!p@Ҭ+2(+xS8F̔а!E]X7^	\rS)(^*Kc\n^ZVsbܵڕ\0\nArO8Q߄|AZVG1as6	U;OxTh%}цWpqרx \"h剑UI\0,\0\\YQTK]hF:ng\Z.->FqGde\'k;c	8/ŦH6]̥V1IHk_ů2xrTɘlZIc,Np7@2rr^%m-M9-\0c	8FIW*jVsOϦ)J k~\'j&Q\nIyAAھh⫂FvD$B=~5|_Ӭ\"+7o$\rS^g+6ooDbFP\"Qt\0}}|uݽ_ˡU+FEn./C0\0Rz\Z[G+$l֎44\\.Ԏ*B&akW\Zj4[>V\"RNz[=ޏk/Rxɸ?z9q?sh8t+{n$rCC223y?QG\"ʐfʃ}N\n|]?\n#h.廖Ho8NG3_-,\\16ޮϪV)N69k^KT~ZYǃ]\r-o;XmP~rkͥE\r>fa?3!PyqP@jY&:-Jq*L#2GJy&/;ЖKϢ[ᠽӺI>.xK4xt,n-:AmʯfzA,d,ȣ+#Wncn\Zam\'!$d[p@۰rs_Uaq8HW龭n,EJRt\'$O\'9 \"oe@ssU~*$[\0\"GiiP03\nS}3GEerC{Er妞f>GZ(&\"\\g*P_**>fI>q#d5?Ҋ+9ԟ.N+oc ͔\"ry<uЬV$ah_)E.Wm\03?Pl:A9[>եh4ʧ6Oj(VGY^Lɭ\"\n5^kt,rZ+=Nإdnjk)%?!2H<dgYu䕚BYMW<эPHT:dߩhVP0\\I6|֊+|˚B/fdllMb^R[sE&ݏ2QJC5k\Z!_,12	ޗD&`(U\'%sisE'),
(8,	'ajshd',	'akdljsa',	'\0JFIF\0XX\0\0\0C\0	\Z!\Z\"$\"$\0C\0\0d\0\"\0\0\0\0\0\0\0\0\0\0\0\0	\n\0\0\0\0}\0!1AQa\"q2#BR$3br	\n\Z%&\'()*456789:CDEFGHIJSTUVWXYZcdefghijstuvwxyz\0\0\0\0\0\0\0\0	\n\0\0\0w\0!1AQaq\"2B	#3Rbr\n$4%\Z&\'()*56789:CDEFGHIJSTUVWXYZcdefghijstuvwxyz\0\0\0?\0mu2I7t.>T@L8 |[5ɄD \\d>Ӛ׎#m-lmm0nDoNGyxl:&>֊w\0=N\Z~Oœ^E*%k.|3\\Zj7x?P*$S	F#ImM}-$0}O6MԻ>Kd6>Xjץ_~{\0jXv&|ocOJ|=q~lEXxo\rxwi>-=\0p~jRGsZT%Ns[ﴩ)Zl!*2B;\Z\\|񯪾)x+M=m(ăGQ_2:,v-zzf8LMwV[~\'MJ.tt*Ȫ[˥a9MFuMZ9[m8sR[[Cڗp[jv,$z׳Z8Cyԡ:{BDI/y\0iŮ2dRd3z?=W|m8Is)++/<5R(Uz/ד^caPaiDZ\0G%ｵ<W8yuFdӸ.Fl\\wڣf|֮ٛk:7M{#O#fc>݀\rIr-V`#h=\nXU[},gbT*V֭foY֫>cJ\0Ժ\nJ\\`\'jY\0=d5\'kCͥ^|5]B\\Լk@M̬w\0ڳC2\nz$?8$Z\Z\"Dv¤ok\'8n:2ۣ$sӣ)\\6XaOq:8ԂR}kO)ȩ{h[K.VA\r/DI\'o*+ԦRpp+DS0֦is-CÚ|IEv\0O 	2Ic\0RsUFTTzɭo\n\Zht6[ߑcysY1+)迂^&h}ޞ\"OW1Z?(2#?uT߅Gu{ԑXn+p\'j\"ڨcz{k<޵h`t}ʅ>X+]mM/\ZRj3<h,ÌTt\ZL7ˮm%_qȯBu%sP95kݸHTS 1cb+56ILn:w<>bc2#j q_,x^5-Vyndt21Pr=^Y)!I\"69V+u\\/\"k8B\\}jtec1f%7\r-p{*Mu-oV71̇=c\0\\ueM\'>=jqpFkZr)&+\'BTkܷdͪNtc21@v<c94Ky$cUqsqy-̙rI\0Q*ktdDo_Ƞ)8/4P	rIrII$zcRDx+2Fz<9w;H<cI9v\0\r]KH\"wf\n3ޯxÚq\Z\\\Z32*384R%CUiӜa)lpsn%	+ʹUBL[u%[vJ\"k+G4nAByzý~êE~5䱼6؊FO:וMse\\3WxI9t6 ZT4q߈QfW\Zu9_݃}}6c{<׈ώӵ6Io.+]סv|ͩ^hZVwEmq1n gp^O4@sՔpv0zwo(Ԟ-MƝD-auݼIF\0aF\0oW۫أ=Ġm\"WD3xʻĭ	?7_f\0\' mll+Y#i3wVnw;Bx\\;U5\nDwGw|3ki.[t.%{WIτeUNqASz~b|Yvrj-6X^Y@=MUԼ=	l[P̉\0uoS}iԞ~n5ZԪ\'q}K\'ڡe<l1\"L\n޲]dKIԫ`pjMX&(f3Wj-oTb}\0CaFO=:u 2ynFr9ej{	#}?2$)nGT#fG\')*\Z+jieC6\0\n΂@x\\%F59\'E-m /\'ޭ뺎%ʥB\0Yb3*]b#T	NIƟ$Um23MGfX;ҵ,{XX~5g+QwW.#Iϭ7R=5AN2icif~f~xaoh_[[VUӭV<\0Ȯ{g^5vo8y^@I\0+^ú~dDuW+, _9pNWP$ucx:H.Q{s!: ^<{`oݷc}8㰵<ü[	\0^	oMmkgʄOk	vd\\ldIa[\\Wq<Ue~\0}ա%A6\r.Doepy~~37[Z\\AFzgךMCku۷ 373=:t+{\rFMrOiNlbgnp5*Tխ%[#hWn4a:xjY^\rl#p>oeϟj7$\'cM{t?:RZ͵eC	P{>S\"³hv)\0Yra_iaq*4޵aVUa~íj/#ILkx ;ƹe%fQ!_Pxz~\rXYբ9?1*NH&vF&7#Pku^rR\0[\r\nKTf\"?OZP}Lfyp\r8UKX9HO%2(1Bdc6(?p*ED=+p\\-+\r/m8M!ѓ2\rx0>A*G	nsW{~?5n@DRG\"\'j6v\"	9QۓRY]:68\0wK5{5I>y uMKG F7m\0ߎv:\n~\0IYi2U#?x\0<wk7,Mnq\"Ƚ5\nMBŭo?l7˸2lxg:9=Zߵ|Z*g,fԢn,nD\"~\\h5|H>\Z[[[X	Tv\0zwI|iɐ#\0:/[ ݬ*l:rz_6:,I=1	ucȎCH:+099w?|:~PrR[Y!O_Q^xۦ#uV8iM$o9p:p+p=dONyh}\'>-C\"]rx`].aRQnjfPn\'ɾI17o|bڅƧu*,Jdt~FD,g-NN\':~\'|C>{Sڡ7`ekZ%eݔk2YbDb ʰ|]&uI4)5aeF5{Z\'jxg5E*ʮU{B*D9Sbm&U[uUW#qso~SUpݸ\\(RebI!YsI!p@Ҭ+2(+xS8F̔а!E]X7^	\rS)(^*Kc\n^ZVsbܵڕ\0\nArO8Q߄|AZVG1as6	U;OxTh%}цWpqרx \"h剑UI\0,\0\\YQTK]hF:ng\Z.->FqGde\'k;c	8/ŦH6]̥V1IHk_ů2xrTɘlZIc,Np7@2rr^%m-M9-\0c	8FIW*jVsOϦ)J k~\'j&Q\nIyAAھh⫂FvD$B=~5|_Ӭ\"+7o$\rS^g+6ooDbFP\"Qt\0}}|uݽ_ˡU+FEn./C0\0Rz\Z[G+$l֎44\\.Ԏ*B&akW\Zj4[>V\"RNz[=ޏk/Rxɸ?z9q?sh8t+{n$rCC223y?QG\"ʐfʃ}N\n|]?\n#h.廖Ho8NG3_-,\\16ޮϪV)N69k^KT~ZYǃ]\r-o;XmP~rkͥE\r>fa?3!PyqP@jY&:-Jq*L#2GJy&/;ЖKϢ[ᠽӺI>.xK4xt,n-:AmʯfzA,d,ȣ+#Wncn\Zam\'!$d[p@۰rs_Uaq8HW龭n,EJRt\'$O\'9 \"oe@ssU~*$[\0\"GiiP03\nS}3GEerC{Er妞f>GZ(&\"\\g*P_**>fI>q#d5?Ҋ+9ԟ.N+oc ͔\"ry<uЬV$ah_)E.Wm\03?Pl:A9[>եh4ʧ6Oj(VGY^Lɭ\"\n5^kt,rZ+=Nإdnjk)%?!2H<dgYu䕚BYMW<эPHT:dߩhVP0\\I6|֊+|˚B/fdllMb^R[sE&ݏ2QJC5k\Z!_,12	ޗD&`(U\'%sisE'),
(9,	'kajsdlkajd',	'klajdslja',	'\0JFIF\0XX\0\0\0C\0	\Z!\Z\"$\"$\0C\0\0d\0\"\0\0\0\0\0\0\0\0\0\0\0\0	\n\0\0\0\0}\0!1AQa\"q2#BR$3br	\n\Z%&\'()*456789:CDEFGHIJSTUVWXYZcdefghijstuvwxyz\0\0\0\0\0\0\0\0	\n\0\0\0w\0!1AQaq\"2B	#3Rbr\n$4%\Z&\'()*56789:CDEFGHIJSTUVWXYZcdefghijstuvwxyz\0\0\0?\0mu2I7t.>T@L8 |[5ɄD \\d>Ӛ׎#m-lmm0nDoNGyxl:&>֊w\0=N\Z~Oœ^E*%k.|3\\Zj7x?P*$S	F#ImM}-$0}O6MԻ>Kd6>Xjץ_~{\0jXv&|ocOJ|=q~lEXxo\rxwi>-=\0p~jRGsZT%Ns[ﴩ)Zl!*2B;\Z\\|񯪾)x+M=m(ăGQ_2:,v-zzf8LMwV[~\'MJ.tt*Ȫ[˥a9MFuMZ9[m8sR[[Cڗp[jv,$z׳Z8Cyԡ:{BDI/y\0iŮ2dRd3z?=W|m8Is)++/<5R(Uz/ד^caPaiDZ\0G%ｵ<W8yuFdӸ.Fl\\wڣf|֮ٛk:7M{#O#fc>݀\rIr-V`#h=\nXU[},gbT*V֭foY֫>cJ\0Ժ\nJ\\`\'jY\0=d5\'kCͥ^|5]B\\Լk@M̬w\0ڳC2\nz$?8$Z\Z\"Dv¤ok\'8n:2ۣ$sӣ)\\6XaOq:8ԂR}kO)ȩ{h[K.VA\r/DI\'o*+ԦRpp+DS0֦is-CÚ|IEv\0O 	2Ic\0RsUFTTzɭo\n\Zht6[ߑcysY1+)迂^&h}ޞ\"OW1Z?(2#?uT߅Gu{ԑXn+p\'j\"ڨcz{k<޵h`t}ʅ>X+]mM/\ZRj3<h,ÌTt\ZL7ˮm%_qȯBu%sP95kݸHTS 1cb+56ILn:w<>bc2#j q_,x^5-Vyndt21Pr=^Y)!I\"69V+u\\/\"k8B\\}jtec1f%7\r-p{*Mu-oV71̇=c\0\\ueM\'>=jqpFkZr)&+\'BTkܷdͪNtc21@v<c94Ky$cUqsqy-̙rI\0Q*ktdDo_Ƞ)8/4P	rIrII$zcRDx+2Fz<9w;H<cI9v\0\r]KH\"wf\n3ޯxÚq\Z\\\Z32*384R%CUiӜa)lpsn%	+ʹUBL[u%[vJ\"k+G4nAByzý~êE~5䱼6؊FO:וMse\\3WxI9t6 ZT4q߈QfW\Zu9_݃}}6c{<׈ώӵ6Io.+]סv|ͩ^hZVwEmq1n gp^O4@sՔpv0zwo(Ԟ-MƝD-auݼIF\0aF\0oW۫أ=Ġm\"WD3xʻĭ	?7_f\0\' mll+Y#i3wVnw;Bx\\;U5\nDwGw|3ki.[t.%{WIτeUNqASz~b|Yvrj-6X^Y@=MUԼ=	l[P̉\0uoS}iԞ~n5ZԪ\'q}K\'ڡe<l1\"L\n޲]dKIԫ`pjMX&(f3Wj-oTb}\0CaFO=:u 2ynFr9ej{	#}?2$)nGT#fG\')*\Z+jieC6\0\n΂@x\\%F59\'E-m /\'ޭ뺎%ʥB\0Yb3*]b#T	NIƟ$Um23MGfX;ҵ,{XX~5g+QwW.#Iϭ7R=5AN2icif~f~xaoh_[[VUӭV<\0Ȯ{g^5vo8y^@I\0+^ú~dDuW+, _9pNWP$ucx:H.Q{s!: ^<{`oݷc}8㰵<ü[	\0^	oMmkgʄOk	vd\\ldIa[\\Wq<Ue~\0}ա%A6\r.Doepy~~37[Z\\AFzgךMCku۷ 373=:t+{\rFMrOiNlbgnp5*Tխ%[#hWn4a:xjY^\rl#p>oeϟj7$\'cM{t?:RZ͵eC	P{>S\"³hv)\0Yra_iaq*4޵aVUa~íj/#ILkx ;ƹe%fQ!_Pxz~\rXYբ9?1*NH&vF&7#Pku^rR\0[\r\nKTf\"?OZP}Lfyp\r8UKX9HO%2(1Bdc6(?p*ED=+p\\-+\r/m8M!ѓ2\rx0>A*G	nsW{~?5n@DRG\"\'j6v\"	9QۓRY]:68\0wK5{5I>y uMKG F7m\0ߎv:\n~\0IYi2U#?x\0<wk7,Mnq\"Ƚ5\nMBŭo?l7˸2lxg:9=Zߵ|Z*g,fԢn,nD\"~\\h5|H>\Z[[[X	Tv\0zwI|iɐ#\0:/[ ݬ*l:rz_6:,I=1	ucȎCH:+099w?|:~PrR[Y!O_Q^xۦ#uV8iM$o9p:p+p=dONyh}\'>-C\"]rx`].aRQnjfPn\'ɾI17o|bڅƧu*,Jdt~FD,g-NN\':~\'|C>{Sڡ7`ekZ%eݔk2YbDb ʰ|]&uI4)5aeF5{Z\'jxg5E*ʮU{B*D9Sbm&U[uUW#qso~SUpݸ\\(RebI!YsI!p@Ҭ+2(+xS8F̔а!E]X7^	\rS)(^*Kc\n^ZVsbܵڕ\0\nArO8Q߄|AZVG1as6	U;OxTh%}цWpqרx \"h剑UI\0,\0\\YQTK]hF:ng\Z.->FqGde\'k;c	8/ŦH6]̥V1IHk_ů2xrTɘlZIc,Np7@2rr^%m-M9-\0c	8FIW*jVsOϦ)J k~\'j&Q\nIyAAھh⫂FvD$B=~5|_Ӭ\"+7o$\rS^g+6ooDbFP\"Qt\0}}|uݽ_ˡU+FEn./C0\0Rz\Z[G+$l֎44\\.Ԏ*B&akW\Zj4[>V\"RNz[=ޏk/Rxɸ?z9q?sh8t+{n$rCC223y?QG\"ʐfʃ}N\n|]?\n#h.廖Ho8NG3_-,\\16ޮϪV)N69k^KT~ZYǃ]\r-o;XmP~rkͥE\r>fa?3!PyqP@jY&:-Jq*L#2GJy&/;ЖKϢ[ᠽӺI>.xK4xt,n-:AmʯfzA,d,ȣ+#Wncn\Zam\'!$d[p@۰rs_Uaq8HW龭n,EJRt\'$O\'9 \"oe@ssU~*$[\0\"GiiP03\nS}3GEerC{Er妞f>GZ(&\"\\g*P_**>fI>q#d5?Ҋ+9ԟ.N+oc ͔\"ry<uЬV$ah_)E.Wm\03?Pl:A9[>եh4ʧ6Oj(VGY^Lɭ\"\n5^kt,rZ+=Nإdnjk)%?!2H<dgYu䕚BYMW<эPHT:dߩhVP0\\I6|֊+|˚B/fdllMb^R[sE&ݏ2QJC5k\Z!_,12	ޗD&`(U\'%sisE'),
(10,	'kjdalkjad',	'oi2u3ou2o',	'\0JFIF\0XX\0\0\0C\0	\Z!\Z\"$\"$\0C\0\0d\0\"\0\0\0\0\0\0\0\0\0\0\0\0	\n\0\0\0\0}\0!1AQa\"q2#BR$3br	\n\Z%&\'()*456789:CDEFGHIJSTUVWXYZcdefghijstuvwxyz\0\0\0\0\0\0\0\0	\n\0\0\0w\0!1AQaq\"2B	#3Rbr\n$4%\Z&\'()*56789:CDEFGHIJSTUVWXYZcdefghijstuvwxyz\0\0\0?\0mu2I7t.>T@L8 |[5ɄD \\d>Ӛ׎#m-lmm0nDoNGyxl:&>֊w\0=N\Z~Oœ^E*%k.|3\\Zj7x?P*$S	F#ImM}-$0}O6MԻ>Kd6>Xjץ_~{\0jXv&|ocOJ|=q~lEXxo\rxwi>-=\0p~jRGsZT%Ns[ﴩ)Zl!*2B;\Z\\|񯪾)x+M=m(ăGQ_2:,v-zzf8LMwV[~\'MJ.tt*Ȫ[˥a9MFuMZ9[m8sR[[Cڗp[jv,$z׳Z8Cyԡ:{BDI/y\0iŮ2dRd3z?=W|m8Is)++/<5R(Uz/ד^caPaiDZ\0G%ｵ<W8yuFdӸ.Fl\\wڣf|֮ٛk:7M{#O#fc>݀\rIr-V`#h=\nXU[},gbT*V֭foY֫>cJ\0Ժ\nJ\\`\'jY\0=d5\'kCͥ^|5]B\\Լk@M̬w\0ڳC2\nz$?8$Z\Z\"Dv¤ok\'8n:2ۣ$sӣ)\\6XaOq:8ԂR}kO)ȩ{h[K.VA\r/DI\'o*+ԦRpp+DS0֦is-CÚ|IEv\0O 	2Ic\0RsUFTTzɭo\n\Zht6[ߑcysY1+)迂^&h}ޞ\"OW1Z?(2#?uT߅Gu{ԑXn+p\'j\"ڨcz{k<޵h`t}ʅ>X+]mM/\ZRj3<h,ÌTt\ZL7ˮm%_qȯBu%sP95kݸHTS 1cb+56ILn:w<>bc2#j q_,x^5-Vyndt21Pr=^Y)!I\"69V+u\\/\"k8B\\}jtec1f%7\r-p{*Mu-oV71̇=c\0\\ueM\'>=jqpFkZr)&+\'BTkܷdͪNtc21@v<c94Ky$cUqsqy-̙rI\0Q*ktdDo_Ƞ)8/4P	rIrII$zcRDx+2Fz<9w;H<cI9v\0\r]KH\"wf\n3ޯxÚq\Z\\\Z32*384R%CUiӜa)lpsn%	+ʹUBL[u%[vJ\"k+G4nAByzý~êE~5䱼6؊FO:וMse\\3WxI9t6 ZT4q߈QfW\Zu9_݃}}6c{<׈ώӵ6Io.+]סv|ͩ^hZVwEmq1n gp^O4@sՔpv0zwo(Ԟ-MƝD-auݼIF\0aF\0oW۫أ=Ġm\"WD3xʻĭ	?7_f\0\' mll+Y#i3wVnw;Bx\\;U5\nDwGw|3ki.[t.%{WIτeUNqASz~b|Yvrj-6X^Y@=MUԼ=	l[P̉\0uoS}iԞ~n5ZԪ\'q}K\'ڡe<l1\"L\n޲]dKIԫ`pjMX&(f3Wj-oTb}\0CaFO=:u 2ynFr9ej{	#}?2$)nGT#fG\')*\Z+jieC6\0\n΂@x\\%F59\'E-m /\'ޭ뺎%ʥB\0Yb3*]b#T	NIƟ$Um23MGfX;ҵ,{XX~5g+QwW.#Iϭ7R=5AN2icif~f~xaoh_[[VUӭV<\0Ȯ{g^5vo8y^@I\0+^ú~dDuW+, _9pNWP$ucx:H.Q{s!: ^<{`oݷc}8㰵<ü[	\0^	oMmkgʄOk	vd\\ldIa[\\Wq<Ue~\0}ա%A6\r.Doepy~~37[Z\\AFzgךMCku۷ 373=:t+{\rFMrOiNlbgnp5*Tխ%[#hWn4a:xjY^\rl#p>oeϟj7$\'cM{t?:RZ͵eC	P{>S\"³hv)\0Yra_iaq*4޵aVUa~íj/#ILkx ;ƹe%fQ!_Pxz~\rXYբ9?1*NH&vF&7#Pku^rR\0[\r\nKTf\"?OZP}Lfyp\r8UKX9HO%2(1Bdc6(?p*ED=+p\\-+\r/m8M!ѓ2\rx0>A*G	nsW{~?5n@DRG\"\'j6v\"	9QۓRY]:68\0wK5{5I>y uMKG F7m\0ߎv:\n~\0IYi2U#?x\0<wk7,Mnq\"Ƚ5\nMBŭo?l7˸2lxg:9=Zߵ|Z*g,fԢn,nD\"~\\h5|H>\Z[[[X	Tv\0zwI|iɐ#\0:/[ ݬ*l:rz_6:,I=1	ucȎCH:+099w?|:~PrR[Y!O_Q^xۦ#uV8iM$o9p:p+p=dONyh}\'>-C\"]rx`].aRQnjfPn\'ɾI17o|bڅƧu*,Jdt~FD,g-NN\':~\'|C>{Sڡ7`ekZ%eݔk2YbDb ʰ|]&uI4)5aeF5{Z\'jxg5E*ʮU{B*D9Sbm&U[uUW#qso~SUpݸ\\(RebI!YsI!p@Ҭ+2(+xS8F̔а!E]X7^	\rS)(^*Kc\n^ZVsbܵڕ\0\nArO8Q߄|AZVG1as6	U;OxTh%}цWpqרx \"h剑UI\0,\0\\YQTK]hF:ng\Z.->FqGde\'k;c	8/ŦH6]̥V1IHk_ů2xrTɘlZIc,Np7@2rr^%m-M9-\0c	8FIW*jVsOϦ)J k~\'j&Q\nIyAAھh⫂FvD$B=~5|_Ӭ\"+7o$\rS^g+6ooDbFP\"Qt\0}}|uݽ_ˡU+FEn./C0\0Rz\Z[G+$l֎44\\.Ԏ*B&akW\Zj4[>V\"RNz[=ޏk/Rxɸ?z9q?sh8t+{n$rCC223y?QG\"ʐfʃ}N\n|]?\n#h.廖Ho8NG3_-,\\16ޮϪV)N69k^KT~ZYǃ]\r-o;XmP~rkͥE\r>fa?3!PyqP@jY&:-Jq*L#2GJy&/;ЖKϢ[ᠽӺI>.xK4xt,n-:AmʯfzA,d,ȣ+#Wncn\Zam\'!$d[p@۰rs_Uaq8HW龭n,EJRt\'$O\'9 \"oe@ssU~*$[\0\"GiiP03\nS}3GEerC{Er妞f>GZ(&\"\\g*P_**>fI>q#d5?Ҋ+9ԟ.N+oc ͔\"ry<uЬV$ah_)E.Wm\03?Pl:A9[>եh4ʧ6Oj(VGY^Lɭ\"\n5^kt,rZ+=Nإdnjk)%?!2H<dgYu䕚BYMW<эPHT:dߩhVP0\\I6|֊+|˚B/fdllMb^R[sE&ݏ2QJC5k\Z!_,12	ޗD&`(U\'%sisE'),
(11,	'kjdslkaj',	'kjdl',	'\0JFIF\0XX\0\0\0C\0	\Z!\Z\"$\"$\0C\0\0d\0\"\0\0\0\0\0\0\0\0\0\0\0\0	\n\0\0\0\0}\0!1AQa\"q2#BR$3br	\n\Z%&\'()*456789:CDEFGHIJSTUVWXYZcdefghijstuvwxyz\0\0\0\0\0\0\0\0	\n\0\0\0w\0!1AQaq\"2B	#3Rbr\n$4%\Z&\'()*56789:CDEFGHIJSTUVWXYZcdefghijstuvwxyz\0\0\0?\0mu2I7t.>T@L8 |[5ɄD \\d>Ӛ׎#m-lmm0nDoNGyxl:&>֊w\0=N\Z~Oœ^E*%k.|3\\Zj7x?P*$S	F#ImM}-$0}O6MԻ>Kd6>Xjץ_~{\0jXv&|ocOJ|=q~lEXxo\rxwi>-=\0p~jRGsZT%Ns[ﴩ)Zl!*2B;\Z\\|񯪾)x+M=m(ăGQ_2:,v-zzf8LMwV[~\'MJ.tt*Ȫ[˥a9MFuMZ9[m8sR[[Cڗp[jv,$z׳Z8Cyԡ:{BDI/y\0iŮ2dRd3z?=W|m8Is)++/<5R(Uz/ד^caPaiDZ\0G%ｵ<W8yuFdӸ.Fl\\wڣf|֮ٛk:7M{#O#fc>݀\rIr-V`#h=\nXU[},gbT*V֭foY֫>cJ\0Ժ\nJ\\`\'jY\0=d5\'kCͥ^|5]B\\Լk@M̬w\0ڳC2\nz$?8$Z\Z\"Dv¤ok\'8n:2ۣ$sӣ)\\6XaOq:8ԂR}kO)ȩ{h[K.VA\r/DI\'o*+ԦRpp+DS0֦is-CÚ|IEv\0O 	2Ic\0RsUFTTzɭo\n\Zht6[ߑcysY1+)迂^&h}ޞ\"OW1Z?(2#?uT߅Gu{ԑXn+p\'j\"ڨcz{k<޵h`t}ʅ>X+]mM/\ZRj3<h,ÌTt\ZL7ˮm%_qȯBu%sP95kݸHTS 1cb+56ILn:w<>bc2#j q_,x^5-Vyndt21Pr=^Y)!I\"69V+u\\/\"k8B\\}jtec1f%7\r-p{*Mu-oV71̇=c\0\\ueM\'>=jqpFkZr)&+\'BTkܷdͪNtc21@v<c94Ky$cUqsqy-̙rI\0Q*ktdDo_Ƞ)8/4P	rIrII$zcRDx+2Fz<9w;H<cI9v\0\r]KH\"wf\n3ޯxÚq\Z\\\Z32*384R%CUiӜa)lpsn%	+ʹUBL[u%[vJ\"k+G4nAByzý~êE~5䱼6؊FO:וMse\\3WxI9t6 ZT4q߈QfW\Zu9_݃}}6c{<׈ώӵ6Io.+]סv|ͩ^hZVwEmq1n gp^O4@sՔpv0zwo(Ԟ-MƝD-auݼIF\0aF\0oW۫أ=Ġm\"WD3xʻĭ	?7_f\0\' mll+Y#i3wVnw;Bx\\;U5\nDwGw|3ki.[t.%{WIτeUNqASz~b|Yvrj-6X^Y@=MUԼ=	l[P̉\0uoS}iԞ~n5ZԪ\'q}K\'ڡe<l1\"L\n޲]dKIԫ`pjMX&(f3Wj-oTb}\0CaFO=:u 2ynFr9ej{	#}?2$)nGT#fG\')*\Z+jieC6\0\n΂@x\\%F59\'E-m /\'ޭ뺎%ʥB\0Yb3*]b#T	NIƟ$Um23MGfX;ҵ,{XX~5g+QwW.#Iϭ7R=5AN2icif~f~xaoh_[[VUӭV<\0Ȯ{g^5vo8y^@I\0+^ú~dDuW+, _9pNWP$ucx:H.Q{s!: ^<{`oݷc}8㰵<ü[	\0^	oMmkgʄOk	vd\\ldIa[\\Wq<Ue~\0}ա%A6\r.Doepy~~37[Z\\AFzgךMCku۷ 373=:t+{\rFMrOiNlbgnp5*Tխ%[#hWn4a:xjY^\rl#p>oeϟj7$\'cM{t?:RZ͵eC	P{>S\"³hv)\0Yra_iaq*4޵aVUa~íj/#ILkx ;ƹe%fQ!_Pxz~\rXYբ9?1*NH&vF&7#Pku^rR\0[\r\nKTf\"?OZP}Lfyp\r8UKX9HO%2(1Bdc6(?p*ED=+p\\-+\r/m8M!ѓ2\rx0>A*G	nsW{~?5n@DRG\"\'j6v\"	9QۓRY]:68\0wK5{5I>y uMKG F7m\0ߎv:\n~\0IYi2U#?x\0<wk7,Mnq\"Ƚ5\nMBŭo?l7˸2lxg:9=Zߵ|Z*g,fԢn,nD\"~\\h5|H>\Z[[[X	Tv\0zwI|iɐ#\0:/[ ݬ*l:rz_6:,I=1	ucȎCH:+099w?|:~PrR[Y!O_Q^xۦ#uV8iM$o9p:p+p=dONyh}\'>-C\"]rx`].aRQnjfPn\'ɾI17o|bڅƧu*,Jdt~FD,g-NN\':~\'|C>{Sڡ7`ekZ%eݔk2YbDb ʰ|]&uI4)5aeF5{Z\'jxg5E*ʮU{B*D9Sbm&U[uUW#qso~SUpݸ\\(RebI!YsI!p@Ҭ+2(+xS8F̔а!E]X7^	\rS)(^*Kc\n^ZVsbܵڕ\0\nArO8Q߄|AZVG1as6	U;OxTh%}цWpqרx \"h剑UI\0,\0\\YQTK]hF:ng\Z.->FqGde\'k;c	8/ŦH6]̥V1IHk_ů2xrTɘlZIc,Np7@2rr^%m-M9-\0c	8FIW*jVsOϦ)J k~\'j&Q\nIyAAھh⫂FvD$B=~5|_Ӭ\"+7o$\rS^g+6ooDbFP\"Qt\0}}|uݽ_ˡU+FEn./C0\0Rz\Z[G+$l֎44\\.Ԏ*B&akW\Zj4[>V\"RNz[=ޏk/Rxɸ?z9q?sh8t+{n$rCC223y?QG\"ʐfʃ}N\n|]?\n#h.廖Ho8NG3_-,\\16ޮϪV)N69k^KT~ZYǃ]\r-o;XmP~rkͥE\r>fa?3!PyqP@jY&:-Jq*L#2GJy&/;ЖKϢ[ᠽӺI>.xK4xt,n-:AmʯfzA,d,ȣ+#Wncn\Zam\'!$d[p@۰rs_Uaq8HW龭n,EJRt\'$O\'9 \"oe@ssU~*$[\0\"GiiP03\nS}3GEerC{Er妞f>GZ(&\"\\g*P_**>fI>q#d5?Ҋ+9ԟ.N+oc ͔\"ry<uЬV$ah_)E.Wm\03?Pl:A9[>եh4ʧ6Oj(VGY^Lɭ\"\n5^kt,rZ+=Nإdnjk)%?!2H<dgYu䕚BYMW<эPHT:dߩhVP0\\I6|֊+|˚B/fdllMb^R[sE&ݏ2QJC5k\Z!_,12	ޗD&`(U\'%sisE');

DROP TABLE IF EXISTS `deckdetail`;
CREATE TABLE `deckdetail` (
  `deckid` int(11) NOT NULL,
  `cardid` int(11) NOT NULL,
  `quantity` int(11) NOT NULL,
  PRIMARY KEY (`deckid`,`cardid`),
  KEY `deckid` (`deckid`),
  KEY `cardid` (`cardid`),
  CONSTRAINT `deckdetail_ibfk_1` FOREIGN KEY (`deckid`) REFERENCES `deck` (`id`) ON DELETE CASCADE ON UPDATE CASCADE,
  CONSTRAINT `deckdetail_ibfk_2` FOREIGN KEY (`cardid`) REFERENCES `card` (`id`) ON DELETE CASCADE ON UPDATE CASCADE
) ENGINE=InnoDB DEFAULT CHARSET=latin1;

INSERT INTO `deckdetail` (`deckid`, `cardid`, `quantity`) VALUES
(1,	1,	1),
(1,	2,	2),
(2,	1,	2),
(3,	2,	1),
(5,	3,	5),
(5,	4,	5),
(7,	1,	1),
(8,	4,	3),
(9,	2,	1);

DROP TABLE IF EXISTS `deckuser`;
CREATE TABLE `deckuser` (
  `deckid` int(11) NOT NULL,
  `userid` int(11) NOT NULL,
  PRIMARY KEY (`deckid`,`userid`),
  KEY `userid` (`userid`),
  KEY `deckid` (`deckid`),
  CONSTRAINT `deckuser_ibfk_1` FOREIGN KEY (`userid`) REFERENCES `user` (`id`) ON DELETE CASCADE ON UPDATE CASCADE,
  CONSTRAINT `deckuser_ibfk_2` FOREIGN KEY (`deckid`) REFERENCES `deck` (`id`) ON DELETE CASCADE ON UPDATE CASCADE
) ENGINE=InnoDB DEFAULT CHARSET=latin1;

INSERT INTO `deckuser` (`deckid`, `userid`) VALUES
(1,	1),
(2,	1),
(3,	1),
(5,	1),
(7,	1),
(8,	1),
(9,	1);

DROP TABLE IF EXISTS `pack`;
CREATE TABLE `pack` (
  `id` int(11) NOT NULL AUTO_INCREMENT,
  `name` varchar(25) NOT NULL,
  `description` varchar(100) NOT NULL,
  `price` int(11) NOT NULL,
  PRIMARY KEY (`id`)
) ENGINE=InnoDB DEFAULT CHARSET=latin1;

INSERT INTO `pack` (`id`, `name`, `description`, `price`) VALUES
(1,	'First Generation Pack',	'List of first generation pokemon pack',	250),
(2,	'Second Generation Pack',	'List of second generation pokemon pack',	350),
(3,	'three',	'this is three on spot we are doing this together',	123),
(4,	'another one',	'another one bites to dust it is such',	123),
(5,	'ajsdlkjad',	'abdlkadkjh',	12),
(6,	'ajdlkj',	'kldjlakjklaj',	1),
(7,	'ldak',	'oifpoi',	9),
(8,	'adlj',	' asldjlkjd',	3);

DROP TABLE IF EXISTS `packdetail`;
CREATE TABLE `packdetail` (
  `packid` int(11) NOT NULL,
  `cardid` int(11) NOT NULL,
  `quantity` int(11) NOT NULL,
  PRIMARY KEY (`packid`,`cardid`),
  KEY `packid` (`packid`),
  KEY `cardid` (`cardid`),
  CONSTRAINT `packdetail_ibfk_1` FOREIGN KEY (`packid`) REFERENCES `pack` (`id`) ON DELETE CASCADE ON UPDATE CASCADE,
  CONSTRAINT `packdetail_ibfk_2` FOREIGN KEY (`cardid`) REFERENCES `card` (`id`) ON DELETE CASCADE ON UPDATE CASCADE
) ENGINE=InnoDB DEFAULT CHARSET=latin1;

INSERT INTO `packdetail` (`packid`, `cardid`, `quantity`) VALUES
(1,	1,	2),
(1,	2,	3),
(2,	2,	3);

DROP TABLE IF EXISTS `user`;
CREATE TABLE `user` (
  `id` int(11) NOT NULL AUTO_INCREMENT,
  `screenname` varchar(25) NOT NULL,
  `money` int(11) NOT NULL,
  `username` varchar(25) NOT NULL,
  `password` varchar(25) NOT NULL,
  `dob` date NOT NULL,
  `email` varchar(30) NOT NULL,
  PRIMARY KEY (`id`)
) ENGINE=InnoDB DEFAULT CHARSET=latin1;

INSERT INTO `user` (`id`, `screenname`, `money`, `username`, `password`, `dob`, `email`) VALUES
(1,	'admin',	1800,	'admin',	'admina',	'1990-05-07',	'ad.min@yahoo.com'),
(2,	'fenolpoke',	1450,	'fnlpk',	'fenolpoke',	'1995-01-01',	'fenolpoke@gmail.com'),
(3,	'a',	1000,	'asdz',	'asd',	'1990-12-12',	'asde'),
(4,	'asd',	1000,	'aaa',	'asd',	'1995-12-21',	'asd'),
(5,	'asdd',	1000,	'asd',	'asd',	'1990-12-12',	'asd@asd.com');

-- 2016-12-09 21:19:42
